{
"type": "FeatureCollection",
"name": "PedestrianCrossings_GDA94",
"crs": { "type": "name", "properties": { "name": "urn:ogc:def:crs:EPSG::4283" } },
"features": [
{ "type": "Feature", "properties": { "site_type": "PC", "site_no": "145", "site_desc": "Belair Road \/21m N of Seafield Avenue, Kingswood", "resp": "SAG", "road_no": null, "rrd_ul": null, "rrd_r": null, "suburb": null }, "geometry": { "type": "Point", "coordinates": [ 138.608947429000068, -34.970152438999946 ] } },
{ "type": "Feature", "properties": { "site_type": "PC", "site_no": "318", "site_desc": "Helen St\/96m W of Gray St, Mount Gambier", "resp": "LGA", "road_no": null, "rrd_ul": null, "rrd_r": null, "suburb": null }, "geometry": { "type": "Point", "coordinates": [ 140.776617175000069, -37.829481018999957 ] } },
{ "type": "Feature", "properties": { "site_type": "PC", "site_no": "171", "site_desc": "Montaque Road \/20m W of Hartman Avenue, Modbury", "resp": "SAG", "road_no": null, "rrd_ul": null, "rrd_r": null, "suburb": null }, "geometry": { "type": "Point", "coordinates": [ 138.668143154000063, -34.829271529999971 ] } },
{ "type": "Feature", "properties": { "site_type": "PC", "site_no": "061", "site_desc": "Unley Road \/25m N of Young Street, Unley", "resp": "SAG", "road_no": null, "rrd_ul": null, "rrd_r": null, "suburb": null }, "geometry": { "type": "Point", "coordinates": [ 138.606989883000097, -34.944306184999959 ] } },
{ "type": "Feature", "properties": { "site_type": "PC", "site_no": "082", "site_desc": "Unley Road \/9m N of Marlborough Street, Malvern", "resp": "SAG", "road_no": null, "rrd_ul": null, "rrd_r": null, "suburb": null }, "geometry": { "type": "Point", "coordinates": [ 138.608132524000098, -34.958588001999942 ] } },
{ "type": "Feature", "properties": { "site_type": "PC", "site_no": "117", "site_desc": "Main Road \/146m S of Monalta Drive, Glenalta", "resp": "SAG", "road_no": null, "rrd_ul": null, "rrd_r": null, "suburb": null }, "geometry": { "type": "Point", "coordinates": [ 138.625329885000042, -35.004808612999966 ] } },
{ "type": "Feature", "properties": { "site_type": "PC", "site_no": "175", "site_desc": "Addison Road \/8m S of Butler Avenue, Pennington", "resp": "SAG", "road_no": null, "rrd_ul": null, "rrd_r": null, "suburb": null }, "geometry": { "type": "Point", "coordinates": [ 138.529155058000015, -34.857070160999967 ] } },
{ "type": "Feature", "properties": { "site_type": "PC", "site_no": "331", "site_desc": "Lawrie Tce\/25m N of Blake Rd, Waikerie", "resp": "SAG", "road_no": null, "rrd_ul": null, "rrd_r": null, "suburb": null }, "geometry": { "type": "Point", "coordinates": [ 139.97716330600008, -34.18496216099993 ] } },
{ "type": "Feature", "properties": { "site_type": "PC", "site_no": "3082", "site_desc": "Anzac Highway SA Netball Assoc, Adelaide", "resp": "LGA", "road_no": null, "rrd_ul": null, "rrd_r": null, "suburb": null }, "geometry": { "type": "Point", "coordinates": [ 138.58561746700002, -34.939177512999947 ] } },
{ "type": "Feature", "properties": { "site_type": "PC", "site_no": "005", "site_desc": "Haydown RD\/80m sth of Rollison Rd, Elizabeth Vale", "resp": "LGA", "road_no": null, "rrd_ul": null, "rrd_r": null, "suburb": null }, "geometry": { "type": "Point", "coordinates": [ 138.666462277000051, -34.747933775999968 ] } },
{ "type": "Feature", "properties": { "site_type": "PC", "site_no": "055", "site_desc": "Phillip Highway \/25m N of Oldham Road, Elizabeth South", "resp": "SAG", "road_no": null, "rrd_ul": null, "rrd_r": null, "suburb": null }, "geometry": { "type": "Point", "coordinates": [ 138.657568930000025, -34.745442658999934 ] } },
{ "type": "Feature", "properties": { "site_type": "PC", "site_no": "368", "site_desc": "Jubilee Hwy - Approx. 100m SE of Ehret St", "resp": "SAG", "road_no": null, "rrd_ul": null, "rrd_r": null, "suburb": null }, "geometry": { "type": "Point", "coordinates": [ 140.772626430000059, -37.820016697999961 ] } },
{ "type": "Feature", "properties": { "site_type": "PC", "site_no": "235", "site_desc": "Commercial Road \/127m S of Ponton Street, Salisbury", "resp": "SAG", "road_no": null, "rrd_ul": null, "rrd_r": null, "suburb": null }, "geometry": { "type": "Point", "coordinates": [ 138.64952637600004, -34.763077561999978 ] } },
{ "type": "Feature", "properties": { "site_type": "PC", "site_no": "322", "site_desc": "Park Tce\/70m S of Commercial Rd, Salisbury", "resp": "SAG", "road_no": null, "rrd_ul": null, "rrd_r": null, "suburb": null }, "geometry": { "type": "Point", "coordinates": [ 138.650029782000047, -34.767523273999984 ] } },
{ "type": "Feature", "properties": { "site_type": "PC", "site_no": "062", "site_desc": "Ral Ral Avenue \/56m NW of Renmark Avenue, Renmark", "resp": "SAG", "road_no": null, "rrd_ul": null, "rrd_r": null, "suburb": null }, "geometry": { "type": "Point", "coordinates": [ 140.749755385000071, -34.171069768999985 ] } },
{ "type": "Feature", "properties": { "site_type": "PC", "site_no": "368", "site_desc": "Jubilee Hwy - Approx. 100 SE of Ehret St", "resp": "SAG", "road_no": null, "rrd_ul": null, "rrd_r": null, "suburb": null }, "geometry": { "type": "Point", "coordinates": [ 140.772576255000104, -37.820117861999961 ] } },
{ "type": "Feature", "properties": { "site_type": "PC", "site_no": "182", "site_desc": "Montaque Road\/35m E of Deborah Grove, Para Vista", "resp": "SAG", "road_no": null, "rrd_ul": null, "rrd_r": null, "suburb": null }, "geometry": { "type": "Point", "coordinates": [ 138.67270623200011, -34.82892372699996 ] } },
{ "type": "Feature", "properties": { "site_type": "PC", "site_no": "338", "site_desc": "Klemzig I\/Ch NE Busway-100m E of O.G Rd, Klemzig", "resp": "SAG", "road_no": null, "rrd_ul": null, "rrd_r": null, "suburb": null }, "geometry": { "type": "Point", "coordinates": [ 138.639768216000107, -34.886253447999934 ] } },
{ "type": "Feature", "properties": { "site_type": "PC", "site_no": "338", "site_desc": "Klemzig I\/Ch NE Busway-100m E of O.G Rd, Klemzig", "resp": "SAG", "road_no": null, "rrd_ul": null, "rrd_r": null, "suburb": null }, "geometry": { "type": "Point", "coordinates": [ 138.639659972000118, -34.886189732999981 ] } },
{ "type": "Feature", "properties": { "site_type": "PC", "site_no": "244", "site_desc": "N.E. Busway \/Paradise Bus Interchange, Paradise", "resp": "SAG", "road_no": null, "rrd_ul": null, "rrd_r": null, "suburb": null }, "geometry": { "type": "Point", "coordinates": [ 138.661683370000105, -34.868878852999956 ] } },
{ "type": "Feature", "properties": { "site_type": "PC", "site_no": "244", "site_desc": "N.E. Busway \/Paradise Bus Interchange, Paradise", "resp": "SAG", "road_no": null, "rrd_ul": null, "rrd_r": null, "suburb": null }, "geometry": { "type": "Point", "coordinates": [ 138.661528259000079, -34.868835076999972 ] } },
{ "type": "Feature", "properties": { "site_type": "PC", "site_no": "144", "site_desc": "Seacombe Road \/25m E of Yerong Street, Seacombe Gardens", "resp": "SAG", "road_no": null, "rrd_ul": null, "rrd_r": null, "suburb": null }, "geometry": { "type": "Point", "coordinates": [ 138.546199509000076, -35.028889274999983 ] } },
{ "type": "Feature", "properties": { "site_type": "PC", "site_no": "233", "site_desc": "Flaxmill Road \/38m E of Elizabeth Road, Christie Downs", "resp": "LGA", "road_no": null, "rrd_ul": null, "rrd_r": null, "suburb": null }, "geometry": { "type": "Point", "coordinates": [ 138.489161559000081, -35.129511623999974 ] } },
{ "type": "Feature", "properties": { "site_type": "PC", "site_no": "025", "site_desc": "Main North Road \/14m S of Harewood Avenue, Enfield", "resp": "SAG", "road_no": null, "rrd_ul": null, "rrd_r": null, "suburb": null }, "geometry": { "type": "Point", "coordinates": [ 138.601314806000119, -34.865062998999974 ] } },
{ "type": "Feature", "properties": { "site_type": "PC", "site_no": "335", "site_desc": "Bay Rd\/20m W of Philip Ave, Victor Harbor", "resp": "LGA", "road_no": null, "rrd_ul": null, "rrd_r": null, "suburb": null }, "geometry": { "type": "Point", "coordinates": [ 138.606341275000091, -35.56087847799995 ] } },
{ "type": "Feature", "properties": { "site_type": "PC", "site_no": "183", "site_desc": "Crittenden Road\/47m NW of Amanda Avenue, Findon", "resp": "SAG", "road_no": null, "rrd_ul": null, "rrd_r": null, "suburb": null }, "geometry": { "type": "Point", "coordinates": [ 138.532802843000013, -34.895829953999964 ] } },
{ "type": "Feature", "properties": { "site_type": "PC", "site_no": "196", "site_desc": "Magill Road \/20m E of Lorne Avenue, Magill", "resp": "SAG", "road_no": null, "rrd_ul": null, "rrd_r": null, "suburb": null }, "geometry": { "type": "Point", "coordinates": [ 138.67230784100002, -34.913216959999943 ] } },
{ "type": "Feature", "properties": { "site_type": "PC", "site_no": "234", "site_desc": "Laffers Road \/6m E of Arizona Terrace, Glenalta", "resp": "LGA", "road_no": null, "rrd_ul": null, "rrd_r": null, "suburb": null }, "geometry": { "type": "Point", "coordinates": [ 138.62633793100008, -35.00626266699993 ] } },
{ "type": "Feature", "properties": { "site_type": "PC", "site_no": "190", "site_desc": "Victoria Road \/30m S of Kolapore Avenue, Largs North", "resp": "SAG", "road_no": null, "rrd_ul": null, "rrd_r": null, "suburb": null }, "geometry": { "type": "Point", "coordinates": [ 138.501152047000119, -34.816295709999963 ] } },
{ "type": "Feature", "properties": { "site_type": "PC", "site_no": "062", "site_desc": "Ral Ral Avenue \/56m NW of Renmark Avenue, Renmark", "resp": "SAG", "road_no": null, "rrd_ul": null, "rrd_r": null, "suburb": null }, "geometry": { "type": "Point", "coordinates": [ 140.750018315000034, -34.17087522199995 ] } },
{ "type": "Feature", "properties": { "site_type": "PC", "site_no": "093", "site_desc": "Wright Road \/155m W of Gosse Place, Valley View", "resp": "LGA", "road_no": null, "rrd_ul": null, "rrd_r": null, "suburb": null }, "geometry": { "type": "Point", "coordinates": [ 138.656758316000037, -34.835247895999942 ] } },
{ "type": "Feature", "properties": { "site_type": "PC", "site_no": "106", "site_desc": "Rowells Road \/3m S of Harold Street, Lockleys", "resp": "SAG", "road_no": null, "rrd_ul": null, "rrd_r": null, "suburb": null }, "geometry": { "type": "Point", "coordinates": [ 138.53547758000002, -34.921725108999965 ] } },
{ "type": "Feature", "properties": { "site_type": "PC", "site_no": "179", "site_desc": "Days Road \/126m S of Oban Street, Regency Park", "resp": "LGA", "road_no": null, "rrd_ul": null, "rrd_r": null, "suburb": null }, "geometry": { "type": "Point", "coordinates": [ 138.565707929000041, -34.866867771999978 ] } },
{ "type": "Feature", "properties": { "site_type": "PC", "site_no": "336", "site_desc": "Aldgate - white Hill \/near Darnley St, Littlehampton", "resp": "SAG", "road_no": null, "rrd_ul": null, "rrd_r": null, "suburb": null }, "geometry": { "type": "Point", "coordinates": [ 138.868225428000073, -35.04763750099994 ] } },
{ "type": "Feature", "properties": { "site_type": "PC", "site_no": "304", "site_desc": "Heaslip Road \/near Fradd Road, Angle Vale", "resp": "SAG", "road_no": null, "rrd_ul": null, "rrd_r": null, "suburb": null }, "geometry": { "type": "Point", "coordinates": [ 138.646385697000028, -34.643452483999965 ] } },
{ "type": "Feature", "properties": { "site_type": "PC", "site_no": "305", "site_desc": "Milne Road West of Caroona Avenue, Para Hills", "resp": "LGA", "road_no": null, "rrd_ul": null, "rrd_r": null, "suburb": null }, "geometry": { "type": "Point", "coordinates": [ 138.667357940000102, -34.818727550999938 ] } },
{ "type": "Feature", "properties": { "site_type": "PC", "site_no": "346", "site_desc": "Murray St RN 4384 \/Magnolia St, Tanunda", "resp": "SAG", "road_no": null, "rrd_ul": null, "rrd_r": null, "suburb": null }, "geometry": { "type": "Point", "coordinates": [ 138.970575393000104, -34.515888083999982 ] } },
{ "type": "Feature", "properties": { "site_type": "PC", "site_no": "316", "site_desc": "The Parade \/near Duke Street, Beulah Park", "resp": "LGA", "road_no": null, "rrd_ul": null, "rrd_r": null, "suburb": null }, "geometry": { "type": "Point", "coordinates": [ 138.644941865000078, -34.920811024999978 ] } },
{ "type": "Feature", "properties": { "site_type": "PC", "site_no": "360", "site_desc": "Greenhill Rd \/ 13m East of Hamilton Bvd, Wayville", "resp": "SAG", "road_no": null, "rrd_ul": null, "rrd_r": null, "suburb": null }, "geometry": { "type": "Point", "coordinates": [ 138.58650307500011, -34.942062193999959 ] } },
{ "type": "Feature", "properties": { "site_type": "PC", "site_no": "343", "site_desc": "Upper Sturt Road \/S of Sheoak Road, Belair", "resp": "SAG", "road_no": null, "rrd_ul": null, "rrd_r": null, "suburb": null }, "geometry": { "type": "Point", "coordinates": [ 138.63064599300003, -34.997346371999981 ] } },
{ "type": "Feature", "properties": { "site_type": "PC", "site_no": "282", "site_desc": "Main Street\/50m NW of Balhannah Road, Hahndorf", "resp": "SAG", "road_no": null, "rrd_ul": null, "rrd_r": null, "suburb": null }, "geometry": { "type": "Point", "coordinates": [ 138.809442218000072, -35.028660508999963 ] } },
{ "type": "Feature", "properties": { "site_type": "PC", "site_no": "076", "site_desc": "Mooringe Avenue \/15m W of Errington Street, Plympton", "resp": "LGA", "road_no": null, "rrd_ul": null, "rrd_r": null, "suburb": null }, "geometry": { "type": "Point", "coordinates": [ 138.547602907000055, -34.960075533999941 ] } },
{ "type": "Feature", "properties": { "site_type": "PC", "site_no": "043", "site_desc": "Woodville Road \/8m SW of Brocas Avenue, Woodville", "resp": "SAG", "road_no": null, "rrd_ul": null, "rrd_r": null, "suburb": null }, "geometry": { "type": "Point", "coordinates": [ 138.541219070000011, -34.874575756999945 ] } },
{ "type": "Feature", "properties": { "site_type": "PC", "site_no": "321", "site_desc": "Bookpurnong Rd\/267m E of Tower Dr, Loxton", "resp": "SAG", "road_no": null, "rrd_ul": null, "rrd_r": null, "suburb": null }, "geometry": { "type": "Point", "coordinates": [ 140.586126211000078, -34.441805914999975 ] } },
{ "type": "Feature", "properties": { "site_type": "PC", "site_no": "267", "site_desc": "Penola Road\/12m N of Wyatt Street, Mount Gambier", "resp": "SAG", "road_no": null, "rrd_ul": null, "rrd_r": null, "suburb": null }, "geometry": { "type": "Point", "coordinates": [ 140.782050815000048, -37.825784661999933 ] } },
{ "type": "Feature", "properties": { "site_type": "PC", "site_no": "055", "site_desc": "Phillip Highway \/25m N of Oldham Road, Elizabeth South", "resp": "SAG", "road_no": null, "rrd_ul": null, "rrd_r": null, "suburb": null }, "geometry": { "type": "Point", "coordinates": [ 138.657365050000067, -34.745570305999934 ] } },
{ "type": "Feature", "properties": { "site_type": "PC", "site_no": "291", "site_desc": "Port Road \/ at Garnet Street, Welland", "resp": "SAG", "road_no": null, "rrd_ul": null, "rrd_r": null, "suburb": null }, "geometry": { "type": "Point", "coordinates": [ 138.558144935000087, -34.895741803999954 ] } },
{ "type": "Feature", "properties": { "site_type": "PC", "site_no": "293", "site_desc": "Adelaide Road \/N of Hill Street, Mount Barker", "resp": "SAG", "road_no": null, "rrd_ul": null, "rrd_r": null, "suburb": null }, "geometry": { "type": "Point", "coordinates": [ 138.852896319000024, -35.061616753999942 ] } },
{ "type": "Feature", "properties": { "site_type": "PC", "site_no": "3014", "site_desc": "North Terrace near Blyth St, Adelaide", "resp": "LGA", "road_no": null, "rrd_ul": null, "rrd_r": null, "suburb": null }, "geometry": { "type": "Point", "coordinates": [ 138.597097340000118, -34.921591887999966 ] } },
{ "type": "Feature", "properties": { "site_type": "PC", "site_no": "273", "site_desc": "Beach Road \/14m E of Majorca Road, Hackham West", "resp": "SAG", "road_no": null, "rrd_ul": null, "rrd_r": null, "suburb": null }, "geometry": { "type": "Point", "coordinates": [ 138.511848207000071, -35.137377030999971 ] } },
{ "type": "Feature", "properties": { "site_type": "PC", "site_no": "150", "site_desc": "Pick Avenue\/70m N of Boandik Terrace, Mount Gambier", "resp": "SAG", "road_no": null, "rrd_ul": null, "rrd_r": null, "suburb": null }, "geometry": { "type": "Point", "coordinates": [ 140.795889447000036, -37.840896333999979 ] } },
{ "type": "Feature", "properties": { "site_type": "PC", "site_no": "049", "site_desc": "Port Road\/300m SE of Mary Street, Hindmarsh", "resp": "SAG", "road_no": null, "rrd_ul": null, "rrd_r": null, "suburb": null }, "geometry": { "type": "Point", "coordinates": [ 138.574507981000011, -34.907218605999958 ] } },
{ "type": "Feature", "properties": { "site_type": "PC", "site_no": "161", "site_desc": "Diagonal Road \/95m NW of Young Street, Glenelg East", "resp": "SAG", "road_no": null, "rrd_ul": null, "rrd_r": null, "suburb": null }, "geometry": { "type": "Point", "coordinates": [ 138.521905077000042, -34.985631414999943 ] } },
{ "type": "Feature", "properties": { "site_type": "PC", "site_no": "339", "site_desc": "Tutt Rd\/30m E of Harrow Tce, Kingswood", "resp": "LGA", "road_no": null, "rrd_ul": null, "rrd_r": null, "suburb": null }, "geometry": { "type": "Point", "coordinates": [ 138.616186167000023, -34.971192104999943 ] } },
{ "type": "Feature", "properties": { "site_type": "PC", "site_no": "098", "site_desc": "Queen Street\/220m N of Margaret Street, Williamstown", "resp": "SAG", "road_no": null, "rrd_ul": null, "rrd_r": null, "suburb": null }, "geometry": { "type": "Point", "coordinates": [ 138.889293468000119, -34.667880515999968 ] } },
{ "type": "Feature", "properties": { "site_type": "PC", "site_no": "327", "site_desc": "Main St\/21m N of Post Office Rd, Lobethal", "resp": "SAG", "road_no": null, "rrd_ul": null, "rrd_r": null, "suburb": null }, "geometry": { "type": "Point", "coordinates": [ 138.874630576000072, -34.904179259999978 ] } },
{ "type": "Feature", "properties": { "site_type": "PC", "site_no": "238", "site_desc": "The Golden Way\/80m S of Golden Grove Road, Greenwith", "resp": "SAG", "road_no": null, "rrd_ul": null, "rrd_r": null, "suburb": null }, "geometry": { "type": "Point", "coordinates": [ 138.718947268000079, -34.769637860999978 ] } },
{ "type": "Feature", "properties": { "site_type": "PC", "site_no": "361", "site_desc": "Sir Richard Williams Av - approx 170m East of Frank Collopy Ct", "resp": "SAG", "road_no": null, "rrd_ul": null, "rrd_r": null, "suburb": null }, "geometry": { "type": "Point", "coordinates": [ 138.535896560000083, -34.938236275999941 ] } },
{ "type": "Feature", "properties": { "site_type": "PC", "site_no": "141", "site_desc": "Bridge Road \/15m SW of Goodall Road, Para Hills West", "resp": "SAG", "road_no": null, "rrd_ul": null, "rrd_r": null, "suburb": null }, "geometry": { "type": "Point", "coordinates": [ 138.654645895000044, -34.800856212999975 ] } },
{ "type": "Feature", "properties": { "site_type": "PC", "site_no": "058", "site_desc": "Brighton Road \/24m S of Elgar Road, Somerton Park", "resp": "SAG", "road_no": null, "rrd_ul": null, "rrd_r": null, "suburb": null }, "geometry": { "type": "Point", "coordinates": [ 138.521221039000011, -34.994703524999977 ] } },
{ "type": "Feature", "properties": { "site_type": "PC", "site_no": "197", "site_desc": "Osmond Terrace \/9m N of Conigrave Lane, Norwood", "resp": "LGA", "road_no": null, "rrd_ul": null, "rrd_r": null, "suburb": null }, "geometry": { "type": "Point", "coordinates": [ 138.631865479000112, -34.919251260999943 ] } },
{ "type": "Feature", "properties": { "site_type": "PC", "site_no": "013", "site_desc": "Shepherds Hill Rd\/50m W of Eden Ave, Bellevue Heights", "resp": "SAG", "road_no": null, "rrd_ul": null, "rrd_r": null, "suburb": null }, "geometry": { "type": "Point", "coordinates": [ 138.589637452000034, -35.027683958999944 ] } },
{ "type": "Feature", "properties": { "site_type": "PC", "site_no": "307", "site_desc": "Target Hill Road near Ward Street, Salisbury Heights", "resp": "LGA", "road_no": null, "rrd_ul": null, "rrd_r": null, "suburb": null }, "geometry": { "type": "Point", "coordinates": [ 138.678177656000116, -34.75975729399994 ] } },
{ "type": "Feature", "properties": { "site_type": "PC", "site_no": "224", "site_desc": "Hancock Road \/15m S of Mistletoe Terrace, Kingswood", "resp": "SAG", "road_no": null, "rrd_ul": null, "rrd_r": null, "suburb": null }, "geometry": { "type": "Point", "coordinates": [ 138.719489267000085, -34.830512913999939 ] } },
{ "type": "Feature", "properties": { "site_type": "PC", "site_no": "072", "site_desc": "Lower Portrush Road \/18m NW of Beasley Street, Marden", "resp": "SAG", "road_no": null, "rrd_ul": null, "rrd_r": null, "suburb": null }, "geometry": { "type": "Point", "coordinates": [ 138.633768183000029, -34.89238413399994 ] } },
{ "type": "Feature", "properties": { "site_type": "PC", "site_no": "121", "site_desc": "Birdwood-Verdun Road\/500m NE of Ilinga Avenue, Oakbank", "resp": "SAG", "road_no": null, "rrd_ul": null, "rrd_r": null, "suburb": null }, "geometry": { "type": "Point", "coordinates": [ 138.834902605000025, -34.988192114999947 ] } },
{ "type": "Feature", "properties": { "site_type": "PC", "site_no": "035", "site_desc": "Marion Road \/23m S of Everly Road, Marion", "resp": "SAG", "road_no": null, "rrd_ul": null, "rrd_r": null, "suburb": null }, "geometry": { "type": "Point", "coordinates": [ 138.557463479000035, -34.998863322999966 ] } },
{ "type": "Feature", "properties": { "site_type": "PC", "site_no": "184", "site_desc": "Brooker Terrace \/20m S of Jenkins Street, Cowandilla", "resp": "LGA", "road_no": null, "rrd_ul": null, "rrd_r": null, "suburb": null }, "geometry": { "type": "Point", "coordinates": [ 138.561433328000021, -34.933878041999947 ] } },
{ "type": "Feature", "properties": { "site_type": "PC", "site_no": "383", "site_desc": "Torrens Road \/40m South East Greenshield Place", "resp": "SAG", "road_no": null, "rrd_ul": null, "rrd_r": null, "suburb": null }, "geometry": { "type": "Point", "coordinates": [ 138.57369153500008, -34.890572917999975 ] } },
{ "type": "Feature", "properties": { "site_type": "PC", "site_no": "047", "site_desc": "Gorge Road \/95m E of Jan Street, Paradise", "resp": "SAG", "road_no": null, "rrd_ul": null, "rrd_r": null, "suburb": null }, "geometry": { "type": "Point", "coordinates": [ 138.674396036000076, -34.876315119999958 ] } },
{ "type": "Feature", "properties": { "site_type": "PC", "site_no": "313", "site_desc": "Glen Osmond Road near Queens Lane, Myrtle Bank", "resp": "SAG", "road_no": null, "rrd_ul": null, "rrd_r": null, "suburb": null }, "geometry": { "type": "Point", "coordinates": [ 138.64158790700003, -34.960417180999968 ] } },
{ "type": "Feature", "properties": { "site_type": "PC", "site_no": "216", "site_desc": "Findon Road \/52m S of Reserve Parade, Woodville South", "resp": "SAG", "road_no": null, "rrd_ul": null, "rrd_r": null, "suburb": null }, "geometry": { "type": "Point", "coordinates": [ 138.531715543000018, -34.892824258999951 ] } },
{ "type": "Feature", "properties": { "site_type": "PC", "site_no": "160", "site_desc": "Fredrick Road\/100m S of Glenburnie Street, Seaton", "resp": "SAG", "road_no": null, "rrd_ul": null, "rrd_r": null, "suburb": null }, "geometry": { "type": "Point", "coordinates": [ 138.504167519000021, -34.885807126999964 ] } },
{ "type": "Feature", "properties": { "site_type": "PC", "site_no": "387", "site_desc": "Melbourne Rd \/ Park Tce", "resp": "SAG", "road_no": null, "rrd_ul": null, "rrd_r": null, "suburb": null }, "geometry": { "type": "Point", "coordinates": [ 138.61192298900005, -34.904393057999982 ] } },
{ "type": "Feature", "properties": { "site_type": "WX", "site_no": "009", "site_desc": "Mt Barker Rd - 82m SE of English St", "resp": "SAG", "road_no": null, "rrd_ul": null, "rrd_r": null, "suburb": null }, "geometry": { "type": "Point", "coordinates": [ 138.812394934000054, -35.032864509999968 ] } },
{ "type": "Feature", "properties": { "site_type": "WX", "site_no": "005", "site_desc": "The Parade - 160m E of Cascade Dr", "resp": "LGA", "road_no": null, "rrd_ul": null, "rrd_r": null, "suburb": null }, "geometry": { "type": "Point", "coordinates": [ 138.480269490000069, -35.191247429999976 ] } },
{ "type": "Feature", "properties": { "site_type": "PC", "site_no": "292", "site_desc": "States Road \/N of Chappel Avenue, Morphett Vale", "resp": "LGA", "road_no": null, "rrd_ul": null, "rrd_r": null, "suburb": null }, "geometry": { "type": "Point", "coordinates": [ 138.5367696940001, -35.131015523999963 ] } },
{ "type": "Feature", "properties": { "site_type": "PC", "site_no": "240", "site_desc": "Salisbury Highway \/15m NE of Lamorna Parade, Parafield Gardens", "resp": "SAG", "road_no": null, "rrd_ul": null, "rrd_r": null, "suburb": null }, "geometry": { "type": "Point", "coordinates": [ 138.619162393000011, -34.787355647999959 ] } },
{ "type": "Feature", "properties": { "site_type": "PC", "site_no": "198", "site_desc": "Peachey Road \/10m N of Studley Street, Davoren Park", "resp": "LGA", "road_no": null, "rrd_ul": null, "rrd_r": null, "suburb": null }, "geometry": { "type": "Point", "coordinates": [ 138.666516180000031, -34.696502800999951 ] } },
{ "type": "Feature", "properties": { "site_type": "WX", "site_no": "010", "site_desc": "Sydney St - Approx. 12m N of Almond Av", "resp": "LGA", "road_no": null, "rrd_ul": null, "rrd_r": null, "suburb": null }, "geometry": { "type": "Point", "coordinates": [ 138.640808721000099, -34.941776045999973 ] } },
{ "type": "Feature", "properties": { "site_type": "PC", "site_no": "355", "site_desc": "Peachy Rd-170m Nth of Davoren Rd, Smithfield Plains", "resp": "LGA", "road_no": null, "rrd_ul": null, "rrd_r": null, "suburb": null }, "geometry": { "type": "Point", "coordinates": [ 138.674204069000098, -34.679981654999949 ] } },
{ "type": "Feature", "properties": { "site_type": "PC", "site_no": "254", "site_desc": "Portrush Road \/15m S of Fowlers Road, Glen Osmond", "resp": "SAG", "road_no": null, "rrd_ul": null, "rrd_r": null, "suburb": null }, "geometry": { "type": "Point", "coordinates": [ 138.643648867000024, -34.956399097999963 ] } },
{ "type": "Feature", "properties": { "site_type": "PC", "site_no": "123", "site_desc": "Marion Road \/8m N of Lydia Street, Plympton", "resp": "SAG", "road_no": null, "rrd_ul": null, "rrd_r": null, "suburb": null }, "geometry": { "type": "Point", "coordinates": [ 138.55455237700005, -34.961469873999931 ] } },
{ "type": "Feature", "properties": { "site_type": "PC", "site_no": "278", "site_desc": "Doctors Road\/7m E of Bradman Court, Morphett Vale", "resp": "LGA", "road_no": null, "rrd_ul": null, "rrd_r": null, "suburb": null }, "geometry": { "type": "Point", "coordinates": [ 138.530922164000117, -35.136390994999942 ] } },
{ "type": "Feature", "properties": { "site_type": "PC", "site_no": "3147", "site_desc": "Grenfell St RN 6158 \/James Pl", "resp": "LGA", "road_no": null, "rrd_ul": null, "rrd_r": null, "suburb": null }, "geometry": { "type": "Point", "coordinates": [ 138.600837828000067, -34.924358315999939 ] } },
{ "type": "Feature", "properties": { "site_type": "PC", "site_no": "3095", "site_desc": "Grote Street near Gray St, Adelaide", "resp": "LGA", "road_no": null, "rrd_ul": null, "rrd_r": null, "suburb": null }, "geometry": { "type": "Point", "coordinates": [ 138.589454487000012, -34.929227913999966 ] } },
{ "type": "Feature", "properties": { "site_type": "PC", "site_no": "3093", "site_desc": "Wakefield Street RN 6161\/Roper St - Fire Station, Adelaide", "resp": "LGA", "road_no": null, "rrd_ul": null, "rrd_r": null, "suburb": null }, "geometry": { "type": "Point", "coordinates": [ 138.604467761000024, -34.928465780999943 ] } },
{ "type": "Feature", "properties": { "site_type": "PC", "site_no": "201", "site_desc": "Peachey Road \/24m N of Edgecombe Road, Davoren Park", "resp": "LGA", "road_no": null, "rrd_ul": null, "rrd_r": null, "suburb": null }, "geometry": { "type": "Point", "coordinates": [ 138.670426245000044, -34.686375507999969 ] } },
{ "type": "Feature", "properties": { "site_type": "PC", "site_no": "349", "site_desc": "Hartley Rd 50m E of Sturdee St, Flinders Pk", "resp": "LGA", "road_no": null, "rrd_ul": null, "rrd_r": null, "suburb": null }, "geometry": { "type": "Point", "coordinates": [ 138.546714514000087, -34.911692080999956 ] } },
{ "type": "Feature", "properties": { "site_type": "PC", "site_no": "355", "site_desc": "Peachy Rd-170m Nth of Davoren Rd, Smithfield Plains", "resp": "LGA", "road_no": null, "rrd_ul": null, "rrd_r": null, "suburb": null }, "geometry": { "type": "Point", "coordinates": [ 138.674033198000075, -34.679929954999977 ] } },
{ "type": "Feature", "properties": { "site_type": "PC", "site_no": "201", "site_desc": "Peachey Road \/24m N of Edgecombe Road, Davoren Park", "resp": "LGA", "road_no": null, "rrd_ul": null, "rrd_r": null, "suburb": null }, "geometry": { "type": "Point", "coordinates": [ 138.670246419000023, -34.686395521999941 ] } },
{ "type": "Feature", "properties": { "site_type": "PC", "site_no": "198", "site_desc": "Peachey Road \/10m N of Studley Street, Davoren Park", "resp": "LGA", "road_no": null, "rrd_ul": null, "rrd_r": null, "suburb": null }, "geometry": { "type": "Point", "coordinates": [ 138.666359881000062, -34.696526393999932 ] } },
{ "type": "Feature", "properties": { "site_type": "PC", "site_no": "366", "site_desc": "Magill Rd - Approx. 10 E of Frank St", "resp": "SAG", "road_no": null, "rrd_ul": null, "rrd_r": null, "suburb": null }, "geometry": { "type": "Point", "coordinates": [ 138.651097759000095, -34.914259115999982 ] } },
{ "type": "Feature", "properties": { "site_type": "PC", "site_no": "341", "site_desc": "El Alamein Rd\/Commercial Rd, Pt Augusta", "resp": "LGA", "road_no": null, "rrd_ul": null, "rrd_r": null, "suburb": null }, "geometry": { "type": "Point", "coordinates": [ 137.761213244000032, -32.490607152999928 ] } },
{ "type": "Feature", "properties": { "site_type": "PC", "site_no": "3164", "site_desc": "North Tce - RAH Entrance, Adelaide", "resp": "LGA", "road_no": null, "rrd_ul": null, "rrd_r": null, "suburb": null }, "geometry": { "type": "Point", "coordinates": [ 138.608914620000064, -34.92101659399998 ] } },
{ "type": "Feature", "properties": { "site_type": "PC", "site_no": "3164", "site_desc": "North Tce - RAH Entrance, Adelaide", "resp": "LGA", "road_no": null, "rrd_ul": null, "rrd_r": null, "suburb": null }, "geometry": { "type": "Point", "coordinates": [ 138.608921074000023, -34.921116235999932 ] } },
{ "type": "Feature", "properties": { "site_type": "PC", "site_no": "3205", "site_desc": "Tynte St near Curtis St, North Adelaide", "resp": "LGA", "road_no": null, "rrd_ul": null, "rrd_r": null, "suburb": null }, "geometry": { "type": "Point", "coordinates": [ 138.597932891000028, -34.90549780799995 ] } },
{ "type": "Feature", "properties": { "site_type": "PC", "site_no": "3208", "site_desc": "Franklin St near Grattan st, Adelaide", "resp": "LGA", "road_no": null, "rrd_ul": null, "rrd_r": null, "suburb": null }, "geometry": { "type": "Point", "coordinates": [ 138.589147978000028, -34.927700184999935 ] } },
{ "type": "Feature", "properties": { "site_type": "PC", "site_no": "345", "site_desc": "James St between Elizabeth St & Gray St, Mt Gambier", "resp": "LGA", "road_no": null, "rrd_ul": null, "rrd_r": null, "suburb": null }, "geometry": { "type": "Point", "coordinates": [ 140.777156048000052, -37.828449762999981 ] } },
{ "type": "Feature", "properties": { "site_type": "PC", "site_no": "187", "site_desc": "Adelaide Road\/200m NE of Sixth Street, Gawler South", "resp": "SAG", "road_no": null, "rrd_ul": null, "rrd_r": null, "suburb": null }, "geometry": { "type": "Point", "coordinates": [ 138.745405875000074, -34.605604218999929 ] } },
{ "type": "Feature", "properties": { "site_type": "PC", "site_no": "300", "site_desc": "Ellen St \/ Alexander St", "resp": "LGA", "road_no": null, "rrd_ul": null, "rrd_r": null, "suburb": null }, "geometry": { "type": "Point", "coordinates": [ 138.01020665100009, -33.176913387999946 ] } },
{ "type": "Feature", "properties": { "site_type": "PC", "site_no": "3093", "site_desc": "Wakefield Street RN 6161\/Roper St - Fire Station, Adelaide", "resp": "LGA", "road_no": null, "rrd_ul": null, "rrd_r": null, "suburb": null }, "geometry": { "type": "Point", "coordinates": [ 138.604481825000107, -34.928356429999951 ] } },
{ "type": "Feature", "properties": { "site_type": "PC", "site_no": "306", "site_desc": "Shepherdson Road near Boston Avenue, Parafield Gardens", "resp": "LGA", "road_no": null, "rrd_ul": null, "rrd_r": null, "suburb": null }, "geometry": { "type": "Point", "coordinates": [ 138.615225953000049, -34.786078527999962 ] } },
{ "type": "Feature", "properties": { "site_type": "PC", "site_no": "173", "site_desc": "Port Road \/23m S of Webb Street, Queenstown", "resp": "SAG", "road_no": null, "rrd_ul": null, "rrd_r": null, "suburb": null }, "geometry": { "type": "Point", "coordinates": [ 138.509626418000039, -34.853607383999929 ] } },
{ "type": "Feature", "properties": { "site_type": "PC", "site_no": "173", "site_desc": "Port Road \/23m S of Webb Street, Queenstown", "resp": "SAG", "road_no": null, "rrd_ul": null, "rrd_r": null, "suburb": null }, "geometry": { "type": "Point", "coordinates": [ 138.50939921500003, -34.854082615999971 ] } },
{ "type": "Feature", "properties": { "site_type": "PC", "site_no": "089", "site_desc": "Port Road\/10m NW of Broad Street, Queenstown", "resp": "SAG", "road_no": null, "rrd_ul": null, "rrd_r": null, "suburb": null }, "geometry": { "type": "Point", "coordinates": [ 138.514134819000105, -34.861345858999982 ] } },
{ "type": "Feature", "properties": { "site_type": "PC", "site_no": "089", "site_desc": "Port Road\/10m NW of Broad Street, Queenstown", "resp": "SAG", "road_no": null, "rrd_ul": null, "rrd_r": null, "suburb": null }, "geometry": { "type": "Point", "coordinates": [ 138.513649203000114, -34.861538769999981 ] } },
{ "type": "Feature", "properties": { "site_type": "PC", "site_no": "038", "site_desc": "Henley Beach Road \/35m W of Henley Street, Mile End", "resp": "SAG", "road_no": null, "rrd_ul": null, "rrd_r": null, "suburb": null }, "geometry": { "type": "Point", "coordinates": [ 138.559369023000045, -34.92428551699993 ] } },
{ "type": "Feature", "properties": { "site_type": "PC", "site_no": "372", "site_desc": "Investigator Dr - Approx. 50m North West of Mawson Cct", "resp": "LGA", "road_no": null, "rrd_ul": null, "rrd_r": null, "suburb": null }, "geometry": { "type": "Point", "coordinates": [ 138.555538502000104, -35.106017302999931 ] } },
{ "type": "Feature", "properties": { "site_type": "PC", "site_no": "373", "site_desc": "Shepherdson Rd - Approx. 95m North West of Oleander Dr", "resp": "LGA", "road_no": null, "rrd_ul": null, "rrd_r": null, "suburb": null }, "geometry": { "type": "Point", "coordinates": [ 138.610817755000085, -34.783424927999931 ] } },
{ "type": "Feature", "properties": { "site_type": "PC", "site_no": "371", "site_desc": "Victoria St - Approx. 40m South East of Union St", "resp": "SAG", "road_no": null, "rrd_ul": null, "rrd_r": null, "suburb": null }, "geometry": { "type": "Point", "coordinates": [ 139.760585481000021, -37.164629868999953 ] } },
{ "type": "Feature", "properties": { "site_type": "PC", "site_no": "024", "site_desc": "St Bernards Road \/20m S of Arthur Street, Magill", "resp": "SAG", "road_no": null, "rrd_ul": null, "rrd_r": null, "suburb": null }, "geometry": { "type": "Point", "coordinates": [ 138.675337576000061, -34.903511486999946 ] } },
{ "type": "Feature", "properties": { "site_type": "PC", "site_no": "3147", "site_desc": "Grenfell St at James Pl, Adelaide", "resp": "LGA", "road_no": null, "rrd_ul": null, "rrd_r": null, "suburb": null }, "geometry": { "type": "Point", "coordinates": [ 138.600833919000024, -34.924288030999946 ] } },
{ "type": "Feature", "properties": { "site_type": "PC", "site_no": "309", "site_desc": "Mortlock Terrace \/near Park Terrace, Port Lincoln", "resp": "SAG", "road_no": null, "rrd_ul": null, "rrd_r": null, "suburb": null }, "geometry": { "type": "Point", "coordinates": [ 135.858340575000057, -34.725360602999956 ] } },
{ "type": "Feature", "properties": { "site_type": "PC", "site_no": "199", "site_desc": "Wheatsheaf Road \/25m E of Marita Street, Morphett Vale", "resp": "LGA", "road_no": null, "rrd_ul": null, "rrd_r": null, "suburb": null }, "geometry": { "type": "Point", "coordinates": [ 138.531646052000042, -35.12582927099993 ] } },
{ "type": "Feature", "properties": { "site_type": "PC", "site_no": "309", "site_desc": "Mortlock Terrace \/near Park Terrace, Port Lincoln", "resp": "SAG", "road_no": null, "rrd_ul": null, "rrd_r": null, "suburb": null }, "geometry": { "type": "Point", "coordinates": [ 135.858233329000086, -34.725325832999943 ] } },
{ "type": "Feature", "properties": { "site_type": "PC", "site_no": "161", "site_desc": "Diagonal Road \/95m NW of Young Street, Glenelg East", "resp": "SAG", "road_no": null, "rrd_ul": null, "rrd_r": null, "suburb": null }, "geometry": { "type": "Point", "coordinates": [ 138.52194686200005, -34.985562742999946 ] } },
{ "type": "Feature", "properties": { "site_type": "PC", "site_no": "206", "site_desc": "Woodford Road \/24m SW of Pewsey Street, Elizabeth North", "resp": "LGA", "road_no": null, "rrd_ul": null, "rrd_r": null, "suburb": null }, "geometry": { "type": "Point", "coordinates": [ 138.67057783600012, -34.713173543999972 ] } },
{ "type": "Feature", "properties": { "site_type": "WX", "site_no": "006", "site_desc": "Grand Bvd - 40m N of Lynton Tce", "resp": "LGA", "road_no": null, "rrd_ul": null, "rrd_r": null, "suburb": null }, "geometry": { "type": "Point", "coordinates": [ 138.480445535000058, -35.188091425999971 ] } },
{ "type": "Feature", "properties": { "site_type": "WX", "site_no": "007", "site_desc": "Gawler St - Approx. 9 N of John St", "resp": "LGA", "road_no": null, "rrd_ul": null, "rrd_r": null, "suburb": null }, "geometry": { "type": "Point", "coordinates": [ 138.643295620000117, -34.76269558499996 ] } },
{ "type": "Feature", "properties": { "site_type": "PC", "site_no": "103", "site_desc": "Portrush Road\/15m S of Hay Road, Linden Park", "resp": "SAG", "road_no": null, "rrd_ul": null, "rrd_r": null, "suburb": null }, "geometry": { "type": "Point", "coordinates": [ 138.642994716000089, -34.947595026999977 ] } },
{ "type": "Feature", "properties": { "site_type": "PC", "site_no": "087", "site_desc": "South Road \/12m S of John Street, Marleston", "resp": "SAG", "road_no": null, "rrd_ul": null, "rrd_r": null, "suburb": null }, "geometry": { "type": "Point", "coordinates": [ 138.571093125000061, -34.943127457999935 ] } },
{ "type": "Feature", "properties": { "site_type": "PC", "site_no": "350", "site_desc": "Military Road \/67m N of Jetty Road, Grange", "resp": "SAG", "road_no": null, "rrd_ul": null, "rrd_r": null, "suburb": null }, "geometry": { "type": "Point", "coordinates": [ 138.490665984000088, -34.901854822999951 ] } },
{ "type": "Feature", "properties": { "site_type": "PC", "site_no": "126", "site_desc": "Beach Road \/87m W of Hunt Crescent, Christies Beach", "resp": "LGA", "road_no": null, "rrd_ul": null, "rrd_r": null, "suburb": null }, "geometry": { "type": "Point", "coordinates": [ 138.478478309000025, -35.139110949999974 ] } },
{ "type": "Feature", "properties": { "site_type": "PC", "site_no": "012", "site_desc": "Henley Beach Rd\/26m E of Cudmore Tce, Henley Beach", "resp": "SAG", "road_no": null, "rrd_ul": null, "rrd_r": null, "suburb": null }, "geometry": { "type": "Point", "coordinates": [ 138.501705152000113, -34.925392813999963 ] } },
{ "type": "Feature", "properties": { "site_type": "PC", "site_no": "202", "site_desc": "Henley Beach Road \/14m W of East Street, Torrensville", "resp": "SAG", "road_no": null, "rrd_ul": null, "rrd_r": null, "suburb": null }, "geometry": { "type": "Point", "coordinates": [ 138.56222376300002, -34.924080859999947 ] } },
{ "type": "Feature", "properties": { "site_type": "PC", "site_no": "239", "site_desc": "Henley Beach Road \/83m W of Kenton Street, Lockleys", "resp": "SAG", "road_no": null, "rrd_ul": null, "rrd_r": null, "suburb": null }, "geometry": { "type": "Point", "coordinates": [ 138.526561840000113, -34.92616325299997 ] } },
{ "type": "Feature", "properties": { "site_type": "PC", "site_no": "012", "site_desc": "Henley Beach Rd\/26m E of Cudmore Tce, Henley Beach", "resp": "SAG", "road_no": null, "rrd_ul": null, "rrd_r": null, "suburb": null }, "geometry": { "type": "Point", "coordinates": [ 138.501695731000041, -34.925319198999944 ] } },
{ "type": "Feature", "properties": { "site_type": "PC", "site_no": "239", "site_desc": "Henley Beach Road \/83m W of Kenton Street, Lockleys", "resp": "SAG", "road_no": null, "rrd_ul": null, "rrd_r": null, "suburb": null }, "geometry": { "type": "Point", "coordinates": [ 138.526556851, -34.926084997999965 ] } },
{ "type": "Feature", "properties": { "site_type": "PC", "site_no": "334", "site_desc": "Grand Junction Rd \/Lutheran Homes, Hope Valley", "resp": "SAG", "road_no": null, "rrd_ul": null, "rrd_r": null, "suburb": null }, "geometry": { "type": "Point", "coordinates": [ 138.699930090000066, -34.843248741999957 ] } },
{ "type": "Feature", "properties": { "site_type": "PC", "site_no": "202", "site_desc": "Henley Beach Road \/14m W of East Street, Torrensville", "resp": "SAG", "road_no": null, "rrd_ul": null, "rrd_r": null, "suburb": null }, "geometry": { "type": "Point", "coordinates": [ 138.562228513000036, -34.924160584999981 ] } },
{ "type": "Feature", "properties": { "site_type": "PC", "site_no": "026", "site_desc": "Port Road \/ West Street, Hindmarsh", "resp": "SAG", "road_no": null, "rrd_ul": null, "rrd_r": null, "suburb": null }, "geometry": { "type": "Point", "coordinates": [ 138.571317218000104, -34.904509382999947 ] } },
{ "type": "Feature", "properties": { "site_type": "PC", "site_no": "054", "site_desc": "Bower Road \/ Harley Street, Ethelton", "resp": "SAG", "road_no": null, "rrd_ul": null, "rrd_r": null, "suburb": null }, "geometry": { "type": "Point", "coordinates": [ 138.490266924000025, -34.851506176999976 ] } },
{ "type": "Feature", "properties": { "site_type": "PC", "site_no": "026", "site_desc": "Port Road \/ West Street, Hindmarsh", "resp": "SAG", "road_no": null, "rrd_ul": null, "rrd_r": null, "suburb": null }, "geometry": { "type": "Point", "coordinates": [ 138.570978790000026, -34.904872427999976 ] } },
{ "type": "Feature", "properties": { "site_type": "PC", "site_no": "218", "site_desc": "Main North Road\/40m S of Park Street, Sefton Park", "resp": "SAG", "road_no": null, "rrd_ul": null, "rrd_r": null, "suburb": null }, "geometry": { "type": "Point", "coordinates": [ 138.602062843000112, -34.8757743099999 ] } },
{ "type": "Feature", "properties": { "site_type": "PC", "site_no": "320", "site_desc": "Gwy Tce\/128m S of May Tce, Balaklava", "resp": "SAG", "road_no": null, "rrd_ul": null, "rrd_r": null, "suburb": null }, "geometry": { "type": "Point", "coordinates": [ 138.414548488000037, -34.150698118999969 ] } },
{ "type": "Feature", "properties": { "site_type": "PC", "site_no": "333", "site_desc": "Main North Road near Audrey Avenue, Blair Athol", "resp": "SAG", "road_no": null, "rrd_ul": null, "rrd_r": null, "suburb": null }, "geometry": { "type": "Point", "coordinates": [ 138.601211045000014, -34.86204214299994 ] } },
{ "type": "Feature", "properties": { "site_type": "PC", "site_no": "025", "site_desc": "Main North Road \/14m S of Harewood Avenue, Enfield", "resp": "SAG", "road_no": null, "rrd_ul": null, "rrd_r": null, "suburb": null }, "geometry": { "type": "Point", "coordinates": [ 138.601422621000097, -34.865056549999963 ] } },
{ "type": "Feature", "properties": { "site_type": "PC", "site_no": "218", "site_desc": "Main North Road\/40m S of Park Street, Sefton Park", "resp": "SAG", "road_no": null, "rrd_ul": null, "rrd_r": null, "suburb": null }, "geometry": { "type": "Point", "coordinates": [ 138.60216911100008, -34.875773710999965 ] } },
{ "type": "Feature", "properties": { "site_type": "PC", "site_no": "006", "site_desc": "Main North Road \/42m S of Barker Road, Prospect", "resp": "SAG", "road_no": null, "rrd_ul": null, "rrd_r": null, "suburb": null }, "geometry": { "type": "Point", "coordinates": [ 138.602565609000067, -34.882614279999984 ] } },
{ "type": "Feature", "properties": { "site_type": "PC", "site_no": "007", "site_desc": "Main North Road \/5m S of Kintore Avenue, Prospect", "resp": "SAG", "road_no": null, "rrd_ul": null, "rrd_r": null, "suburb": null }, "geometry": { "type": "Point", "coordinates": [ 138.602878296000085, -34.886994754999932 ] } },
{ "type": "Feature", "properties": { "site_type": "PC", "site_no": "157", "site_desc": "Smart Road\/200m W of Hatherleigh Avenue, Modbury", "resp": "SAG", "road_no": null, "rrd_ul": null, "rrd_r": null, "suburb": null }, "geometry": { "type": "Point", "coordinates": [ 138.690158822000058, -34.833303029999968 ] } },
{ "type": "Feature", "properties": { "site_type": "PC", "site_no": "124", "site_desc": "North East Road \/18m SW of Albert Street, Windsor Gardens", "resp": "SAG", "road_no": null, "rrd_ul": null, "rrd_r": null, "suburb": null }, "geometry": { "type": "Point", "coordinates": [ 138.644680081000047, -34.865402748999941 ] } },
{ "type": "Feature", "properties": { "site_type": "PC", "site_no": "107", "site_desc": "North East Road\/110m NE of Pitman Road, Hillcrest", "resp": "SAG", "road_no": null, "rrd_ul": null, "rrd_r": null, "suburb": null }, "geometry": { "type": "Point", "coordinates": [ 138.652370782000048, -34.859554046999961 ] } },
{ "type": "Feature", "properties": { "site_type": "PC", "site_no": "108", "site_desc": "Mullers Road \/11m E of Ivy Street, Greenacres", "resp": "SAG", "road_no": null, "rrd_ul": null, "rrd_r": null, "suburb": null }, "geometry": { "type": "Point", "coordinates": [ 138.625971714000116, -34.871644243999981 ] } },
{ "type": "Feature", "properties": { "site_type": "PC", "site_no": "108", "site_desc": "Mullers Road \/11m E of Ivy Street, Greenacres", "resp": "SAG", "road_no": null, "rrd_ul": null, "rrd_r": null, "suburb": null }, "geometry": { "type": "Point", "coordinates": [ 138.625977853000109, -34.871725522999952 ] } },
{ "type": "Feature", "properties": { "site_type": "PC", "site_no": "157", "site_desc": "Smart Road\/200m W of Hatherleigh Avenue, Modbury", "resp": "SAG", "road_no": null, "rrd_ul": null, "rrd_r": null, "suburb": null }, "geometry": { "type": "Point", "coordinates": [ 138.690169152000067, -34.833414597999933 ] } },
{ "type": "Feature", "properties": { "site_type": "PC", "site_no": "3153", "site_desc": "War Memorial Drive at University Footbridge, Adelaide", "resp": "LGA", "road_no": null, "rrd_ul": null, "rrd_r": null, "suburb": null }, "geometry": { "type": "Point", "coordinates": [ 138.60386002000007, -34.91622560899998 ] } },
{ "type": "Feature", "properties": { "site_type": "PC", "site_no": "3154", "site_desc": "War Memorial Drive at CBC Rowing Club, Adelaide", "resp": "LGA", "road_no": null, "rrd_ul": null, "rrd_r": null, "suburb": null }, "geometry": { "type": "Point", "coordinates": [ 138.601850741000021, -34.916066124999929 ] } },
{ "type": "Feature", "properties": { "site_type": "PC", "site_no": "207", "site_desc": "Stephen Terrace \/18m NW of Edwin Terrace, Walkerville", "resp": "SAG", "road_no": null, "rrd_ul": null, "rrd_r": null, "suburb": null }, "geometry": { "type": "Point", "coordinates": [ 138.612360607000028, -34.89527557699995 ] } },
{ "type": "Feature", "properties": { "site_type": "PC", "site_no": "197", "site_desc": "Osmond Terrace \/9m N of Conigrave Lane, Norwood", "resp": "LGA", "road_no": null, "rrd_ul": null, "rrd_r": null, "suburb": null }, "geometry": { "type": "Point", "coordinates": [ 138.632036387000085, -34.919251925999959 ] } },
{ "type": "Feature", "properties": { "site_type": "PC", "site_no": "105", "site_desc": "Stephens Terrace \/20m SE of Third Avenue, St Peters", "resp": "SAG", "road_no": null, "rrd_ul": null, "rrd_r": null, "suburb": null }, "geometry": { "type": "Point", "coordinates": [ 138.625645439000095, -34.906950693999931 ] } },
{ "type": "Feature", "properties": { "site_type": "PC", "site_no": "207", "site_desc": "Stephen Terrace \/18m NW of Edwin Terrace, Walkerville", "resp": "SAG", "road_no": null, "rrd_ul": null, "rrd_r": null, "suburb": null }, "geometry": { "type": "Point", "coordinates": [ 138.612309326000059, -34.895317920999958 ] } },
{ "type": "Feature", "properties": { "site_type": "PC", "site_no": "029", "site_desc": "Goodwood Road \/10m N of Carlisle Road, Westbourne Park", "resp": "SAG", "road_no": null, "rrd_ul": null, "rrd_r": null, "suburb": null }, "geometry": { "type": "Point", "coordinates": [ 138.591019601000085, -34.969552459999932 ] } },
{ "type": "Feature", "properties": { "site_type": "PC", "site_no": "104", "site_desc": "Grand Junction Road \/64m W of Florence Avenue, Gepps Cross", "resp": "SAG", "road_no": null, "rrd_ul": null, "rrd_r": null, "suburb": null }, "geometry": { "type": "Point", "coordinates": [ 138.594544294000116, -34.848424096999963 ] } },
{ "type": "Feature", "properties": { "site_type": "PC", "site_no": "044", "site_desc": "Grand Junction Road \/15m E of Parcoola Avenue, Hope Valley", "resp": "SAG", "road_no": null, "rrd_ul": null, "rrd_r": null, "suburb": null }, "geometry": { "type": "Point", "coordinates": [ 138.696458927000094, -34.843451297999934 ] } },
{ "type": "Feature", "properties": { "site_type": "PC", "site_no": "104", "site_desc": "Grand Junction Road \/64m W of Florence Avenue, Gepps Cross", "resp": "SAG", "road_no": null, "rrd_ul": null, "rrd_r": null, "suburb": null }, "geometry": { "type": "Point", "coordinates": [ 138.594538847000081, -34.848343978999935 ] } },
{ "type": "Feature", "properties": { "site_type": "PC", "site_no": "138", "site_desc": "Grand Junction Road\/40m W of Coles Street, Enfield", "resp": "SAG", "road_no": null, "rrd_ul": null, "rrd_r": null, "suburb": null }, "geometry": { "type": "Point", "coordinates": [ 138.605053418000011, -34.84792807499997 ] } },
{ "type": "Feature", "properties": { "site_type": "PC", "site_no": "138", "site_desc": "Grand Junction Road\/40m W of Coles Street, Enfield", "resp": "SAG", "road_no": null, "rrd_ul": null, "rrd_r": null, "suburb": null }, "geometry": { "type": "Point", "coordinates": [ 138.605106738000018, -34.847788176999984 ] } },
{ "type": "Feature", "properties": { "site_type": "PC", "site_no": "143", "site_desc": "Grand Junction Road \/18m E of Stirling Street, Northfield", "resp": "SAG", "road_no": null, "rrd_ul": null, "rrd_r": null, "suburb": null }, "geometry": { "type": "Point", "coordinates": [ 138.622952464000036, -34.84731955899997 ] } },
{ "type": "Feature", "properties": { "site_type": "PC", "site_no": "044", "site_desc": "Grand Junction Road \/15m E of Parcoola Avenue, Hope Valley", "resp": "SAG", "road_no": null, "rrd_ul": null, "rrd_r": null, "suburb": null }, "geometry": { "type": "Point", "coordinates": [ 138.696577681, -34.843535982999981 ] } },
{ "type": "Feature", "properties": { "site_type": "PC", "site_no": "334", "site_desc": "Grand Junction Rd \/Lutheran Homes, Hope Valley", "resp": "SAG", "road_no": null, "rrd_ul": null, "rrd_r": null, "suburb": null }, "geometry": { "type": "Point", "coordinates": [ 138.699993952000113, -34.843337403999953 ] } },
{ "type": "Feature", "properties": { "site_type": "PC", "site_no": "105", "site_desc": "Stephens Terrace \/20m SE of Third Avenue, St Peters", "resp": "SAG", "road_no": null, "rrd_ul": null, "rrd_r": null, "suburb": null }, "geometry": { "type": "Point", "coordinates": [ 138.625595159000113, -34.90698693 ] } },
{ "type": "Feature", "properties": { "site_type": "PC", "site_no": "149", "site_desc": "Prospect Road \/38m N of Methuen Street, Fitzroy", "resp": "SAG", "road_no": null, "rrd_ul": null, "rrd_r": null, "suburb": null }, "geometry": { "type": "Point", "coordinates": [ 138.59459873000003, -34.895120259999942 ] } },
{ "type": "Feature", "properties": { "site_type": "PC", "site_no": "245", "site_desc": "Prospect Road \/23m N of Gladstone Road, Blair Athol", "resp": "SAG", "road_no": null, "rrd_ul": null, "rrd_r": null, "suburb": null }, "geometry": { "type": "Point", "coordinates": [ 138.59240244700004, -34.862789777999978 ] } },
{ "type": "Feature", "properties": { "site_type": "PC", "site_no": "272", "site_desc": "Prospect Road near LE Hunte Street, Kilburn", "resp": "SAG", "road_no": null, "rrd_ul": null, "rrd_r": null, "suburb": null }, "geometry": { "type": "Point", "coordinates": [ 138.592229949000057, -34.861345128999972 ] } },
{ "type": "Feature", "properties": { "site_type": "PC", "site_no": "011", "site_desc": "Prospect Road \/37m N of Rose Street, Prospect", "resp": "SAG", "road_no": null, "rrd_ul": null, "rrd_r": null, "suburb": null }, "geometry": { "type": "Point", "coordinates": [ 138.594095706000076, -34.887775968999961 ] } },
{ "type": "Feature", "properties": { "site_type": "PC", "site_no": "010", "site_desc": "Prospect Road \/21m S of Alexandra Street, Prospect", "resp": "SAG", "road_no": null, "rrd_ul": null, "rrd_r": null, "suburb": null }, "geometry": { "type": "Point", "coordinates": [ 138.593536130000075, -34.879553050999959 ] } },
{ "type": "Feature", "properties": { "site_type": "PC", "site_no": "359", "site_desc": "Prospect Rd 40m South of Flora Tce, Prospect", "resp": "SAG", "road_no": null, "rrd_ul": null, "rrd_r": null, "suburb": null }, "geometry": { "type": "Point", "coordinates": [ 138.594019624000111, -34.886672569999973 ] } },
{ "type": "Feature", "properties": { "site_type": "PC", "site_no": "272", "site_desc": "Prospect Road near LE Hunte Street, Kilburn", "resp": "SAG", "road_no": null, "rrd_ul": null, "rrd_r": null, "suburb": null }, "geometry": { "type": "Point", "coordinates": [ 138.592301812000073, -34.861343166999973 ] } },
{ "type": "Feature", "properties": { "site_type": "PC", "site_no": "286", "site_desc": "Bolivar Road\/70m SW of Niven Drive, Paralowie", "resp": "LGA", "road_no": null, "rrd_ul": null, "rrd_r": null, "suburb": null }, "geometry": { "type": "Point", "coordinates": [ 138.59826139200004, -34.75740783699996 ] } },
{ "type": "Feature", "properties": { "site_type": "PC", "site_no": "200", "site_desc": "Morphett Road \/2m S of Sherwood Drive, Oaklands Park", "resp": "SAG", "road_no": null, "rrd_ul": null, "rrd_r": null, "suburb": null }, "geometry": { "type": "Point", "coordinates": [ 138.539880915000026, -35.004061966999984 ] } },
{ "type": "Feature", "properties": { "site_type": "PC", "site_no": "3095", "site_desc": "Grote Street near Gray St, Adelaide", "resp": "LGA", "road_no": null, "rrd_ul": null, "rrd_r": null, "suburb": null }, "geometry": { "type": "Point", "coordinates": [ 138.589445939000029, -34.929134533999957 ] } },
{ "type": "Feature", "properties": { "site_type": "PC", "site_no": "377", "site_desc": "Approx. 50m West of Winklebury Rd", "resp": "SAG", "road_no": null, "rrd_ul": null, "rrd_r": null, "suburb": null }, "geometry": { "type": "Point", "coordinates": [ 138.667554410000093, -34.748644464999984 ] } },
{ "type": "Feature", "properties": { "site_type": "PC", "site_no": "212", "site_desc": "Kings Road\/100m SE of Amsterdam Crescent, Salisbury Downs", "resp": "SAG", "road_no": null, "rrd_ul": null, "rrd_r": null, "suburb": null }, "geometry": { "type": "Point", "coordinates": [ 138.62989945400011, -34.781373347999931 ] } },
{ "type": "Feature", "properties": { "site_type": "PC", "site_no": "183", "site_desc": "Crittenden Road\/47m NW of Amanda Avenue, Findon", "resp": "SAG", "road_no": null, "rrd_ul": null, "rrd_r": null, "suburb": null }, "geometry": { "type": "Point", "coordinates": [ 138.532861566000065, -34.89577320199993 ] } },
{ "type": "Feature", "properties": { "site_type": "PC", "site_no": "212", "site_desc": "Kings Road\/100m SE of Amsterdam Crescent, Salisbury Downs", "resp": "SAG", "road_no": null, "rrd_ul": null, "rrd_r": null, "suburb": null }, "geometry": { "type": "Point", "coordinates": [ 138.629921410000065, -34.78125270299995 ] } },
{ "type": "Feature", "properties": { "site_type": "PC", "site_no": "204", "site_desc": "Lower North East Road \/20m SW of Robertson Avenue, Paradise", "resp": "SAG", "road_no": null, "rrd_ul": null, "rrd_r": null, "suburb": null }, "geometry": { "type": "Point", "coordinates": [ 138.671817980000014, -34.871476797999946 ] } },
{ "type": "Feature", "properties": { "site_type": "PC", "site_no": "019", "site_desc": "Payneham Rd\/18m E of Florence St, Glynde", "resp": "SAG", "road_no": null, "rrd_ul": null, "rrd_r": null, "suburb": null }, "geometry": { "type": "Point", "coordinates": [ 138.654414422000059, -34.890222159999951 ] } },
{ "type": "Feature", "properties": { "site_type": "PC", "site_no": "353", "site_desc": "Lower North East Rd Between Lennox St & Heading Ave, Campbelltown", "resp": "SAG", "road_no": null, "rrd_ul": null, "rrd_r": null, "suburb": null }, "geometry": { "type": "Point", "coordinates": [ 138.66076475300008, -34.88258925599996 ] } },
{ "type": "Feature", "properties": { "site_type": "PC", "site_no": "019", "site_desc": "Payneham Rd\/18m E of Florence St, Glynde", "resp": "SAG", "road_no": null, "rrd_ul": null, "rrd_r": null, "suburb": null }, "geometry": { "type": "Point", "coordinates": [ 138.654519706000087, -34.890282241999955 ] } },
{ "type": "Feature", "properties": { "site_type": "PC", "site_no": "353", "site_desc": "Lower North East Rd Between Lennox St & Heading Ave, Campbelltown", "resp": "SAG", "road_no": null, "rrd_ul": null, "rrd_r": null, "suburb": null }, "geometry": { "type": "Point", "coordinates": [ 138.660915637000016, -34.882546194999975 ] } },
{ "type": "Feature", "properties": { "site_type": "PC", "site_no": "204", "site_desc": "Lower North East Road \/20m SW of Robertson Avenue, Paradise", "resp": "SAG", "road_no": null, "rrd_ul": null, "rrd_r": null, "suburb": null }, "geometry": { "type": "Point", "coordinates": [ 138.671882904000086, -34.871544680999932 ] } },
{ "type": "Feature", "properties": { "site_type": "PC", "site_no": "378", "site_desc": "Main North Rd - Right Cwy near entrance to Elisabeth Shopping Centre", "resp": "SAG", "road_no": null, "rrd_ul": null, "rrd_r": null, "suburb": null }, "geometry": { "type": "Point", "coordinates": [ 138.672732672000052, -34.717509192999955 ] } },
{ "type": "Feature", "properties": { "site_type": "PC", "site_no": "378", "site_desc": "Main North Rd - Left Cwy near entrance to Elisabeth Shopping Centre", "resp": "SAG", "road_no": null, "rrd_ul": null, "rrd_r": null, "suburb": null }, "geometry": { "type": "Point", "coordinates": [ 138.673066095000081, -34.717339223999943 ] } },
{ "type": "Feature", "properties": { "site_type": "PC", "site_no": "380", "site_desc": "Greenhill Rd right cwy \/ Porter st", "resp": "SAG", "road_no": null, "rrd_ul": null, "rrd_r": null, "suburb": null }, "geometry": { "type": "Point", "coordinates": [ 138.609822310000027, -34.940841647999946 ] } },
{ "type": "Feature", "properties": { "site_type": "PC", "site_no": "380", "site_desc": "Greenhill Rd Left cwy \/ Porter st", "resp": "SAG", "road_no": null, "rrd_ul": null, "rrd_r": null, "suburb": null }, "geometry": { "type": "Point", "coordinates": [ 138.609805787000028, -34.940682593999952 ] } },
{ "type": "Feature", "properties": { "site_type": "PC", "site_no": "308", "site_desc": "Regency Rd\/30m E of King St, Prospect", "resp": "SAG", "road_no": null, "rrd_ul": null, "rrd_r": null, "suburb": null }, "geometry": { "type": "Point", "coordinates": [ 138.586778011000092, -34.874327737999977 ] } },
{ "type": "Feature", "properties": { "site_type": "PC", "site_no": "120", "site_desc": "Regency Road \/22m W of Linley Avenue, Blair Athol", "resp": "SAG", "road_no": null, "rrd_ul": null, "rrd_r": null, "suburb": null }, "geometry": { "type": "Point", "coordinates": [ 138.596471199000121, -34.873867717999929 ] } },
{ "type": "Feature", "properties": { "site_type": "PC", "site_no": "074", "site_desc": "Regency Road \/77m W of Burns Avenue, Sefton Park", "resp": "SAG", "road_no": null, "rrd_ul": null, "rrd_r": null, "suburb": null }, "geometry": { "type": "Point", "coordinates": [ 138.608493395000096, -34.873284963999936 ] } },
{ "type": "Feature", "properties": { "site_type": "PC", "site_no": "324", "site_desc": "Regency Rd\/112m E of Humphries Tce, Kilkenny", "resp": "SAG", "road_no": null, "rrd_ul": null, "rrd_r": null, "suburb": null }, "geometry": { "type": "Point", "coordinates": [ 138.555997855000101, -34.87576712799995 ] } },
{ "type": "Feature", "properties": { "site_type": "PC", "site_no": "120", "site_desc": "Regency Road \/22m W of Linley Avenue, Blair Athol", "resp": "SAG", "road_no": null, "rrd_ul": null, "rrd_r": null, "suburb": null }, "geometry": { "type": "Point", "coordinates": [ 138.596474406000084, -34.873948427999949 ] } },
{ "type": "Feature", "properties": { "site_type": "PC", "site_no": "074", "site_desc": "Regency Road \/77m W of Burns Avenue, Sefton Park", "resp": "SAG", "road_no": null, "rrd_ul": null, "rrd_r": null, "suburb": null }, "geometry": { "type": "Point", "coordinates": [ 138.608497886, -34.873366830999942 ] } },
{ "type": "Feature", "properties": { "site_type": "PC", "site_no": "086", "site_desc": "Goodwood Road \/79m S of Boothby Street, Panorama", "resp": "SAG", "road_no": null, "rrd_ul": null, "rrd_r": null, "suburb": null }, "geometry": { "type": "Point", "coordinates": [ 138.592772288000106, -34.99354141699996 ] } },
{ "type": "Feature", "properties": { "site_type": "PC", "site_no": "119", "site_desc": "Goodwood Road\/5m N of Windsor Avenue, Daw Park", "resp": "SAG", "road_no": null, "rrd_ul": null, "rrd_r": null, "suburb": null }, "geometry": { "type": "Point", "coordinates": [ 138.59229352400007, -34.986947916999952 ] } },
{ "type": "Feature", "properties": { "site_type": "PC", "site_no": "211", "site_desc": "Fiveash Drive \/90m NE of Day Drive, Pasadena", "resp": "SAG", "road_no": null, "rrd_ul": null, "rrd_r": null, "suburb": null }, "geometry": { "type": "Point", "coordinates": [ 138.590651446000038, -35.001638526999955 ] } },
{ "type": "Feature", "properties": { "site_type": "PC", "site_no": "039", "site_desc": "Goodwood Road \/21m S of Aver Avenue, Daw Park", "resp": "SAG", "road_no": null, "rrd_ul": null, "rrd_r": null, "suburb": null }, "geometry": { "type": "Point", "coordinates": [ 138.591992994000066, -34.980795022999985 ] } },
{ "type": "Feature", "properties": { "site_type": "PC", "site_no": "119", "site_desc": "Goodwood Road\/5m N of Windsor Avenue, Daw Park", "resp": "SAG", "road_no": null, "rrd_ul": null, "rrd_r": null, "suburb": null }, "geometry": { "type": "Point", "coordinates": [ 138.592453044000081, -34.986982859999955 ] } },
{ "type": "Feature", "properties": { "site_type": "PC", "site_no": "086", "site_desc": "Goodwood Road \/79m S of Boothby Street, Panorama", "resp": "SAG", "road_no": null, "rrd_ul": null, "rrd_r": null, "suburb": null }, "geometry": { "type": "Point", "coordinates": [ 138.592874939000012, -34.993544745999941 ] } },
{ "type": "Feature", "properties": { "site_type": "PC", "site_no": "083", "site_desc": "Tapleys Hill Road \/30m N of Brenthorpe Road, Seaton", "resp": "SAG", "road_no": null, "rrd_ul": null, "rrd_r": null, "suburb": null }, "geometry": { "type": "Point", "coordinates": [ 138.513134287000071, -34.885100503999979 ] } },
{ "type": "Feature", "properties": { "site_type": "PC", "site_no": "163", "site_desc": "Tapleys Hill road \/7m S of Chippendale Avenue, Fulham", "resp": "SAG", "road_no": null, "rrd_ul": null, "rrd_r": null, "suburb": null }, "geometry": { "type": "Point", "coordinates": [ 138.517546517000028, -34.92978136499994 ] } },
{ "type": "Feature", "properties": { "site_type": "PC", "site_no": "158", "site_desc": "Tapleys Hill Road \/106m N of Myrtle Street, Royal Park", "resp": "SAG", "road_no": null, "rrd_ul": null, "rrd_r": null, "suburb": null }, "geometry": { "type": "Point", "coordinates": [ 138.512303051000117, -34.87311116799998 ] } },
{ "type": "Feature", "properties": { "site_type": "PC", "site_no": "134", "site_desc": "Tapleys Hill Road \/9m S of McFarlane Street, Glenelg North", "resp": "SAG", "road_no": null, "rrd_ul": null, "rrd_r": null, "suburb": null }, "geometry": { "type": "Point", "coordinates": [ 138.517051995000088, -34.970870758999979 ] } },
{ "type": "Feature", "properties": { "site_type": "PC", "site_no": "186", "site_desc": "Tapleys Hill Road \/8m S of Sheppard Street, Royal Park", "resp": "SAG", "road_no": null, "rrd_ul": null, "rrd_r": null, "suburb": null }, "geometry": { "type": "Point", "coordinates": [ 138.512170265, -34.869652072999941 ] } },
{ "type": "Feature", "properties": { "site_type": "PC", "site_no": "158", "site_desc": "Tapleys Hill Road \/106m N of Myrtle Street, Royal Park", "resp": "SAG", "road_no": null, "rrd_ul": null, "rrd_r": null, "suburb": null }, "geometry": { "type": "Point", "coordinates": [ 138.512397393000015, -34.873083888999929 ] } },
{ "type": "Feature", "properties": { "site_type": "PC", "site_no": "083", "site_desc": "Tapleys Hill Road \/30m N of Brenthorpe Road, Seaton", "resp": "SAG", "road_no": null, "rrd_ul": null, "rrd_r": null, "suburb": null }, "geometry": { "type": "Point", "coordinates": [ 138.513234479000062, -34.885093150999978 ] } },
{ "type": "Feature", "properties": { "site_type": "PC", "site_no": "163", "site_desc": "Tapleys Hill road \/7m S of Chippendale Avenue, Fulham", "resp": "SAG", "road_no": null, "rrd_ul": null, "rrd_r": null, "suburb": null }, "geometry": { "type": "Point", "coordinates": [ 138.517646168000056, -34.929788984999959 ] } },
{ "type": "Feature", "properties": { "site_type": "PC", "site_no": "134", "site_desc": "Tapleys Hill Road \/9m S of McFarlane Street, Glenelg North", "resp": "SAG", "road_no": null, "rrd_ul": null, "rrd_r": null, "suburb": null }, "geometry": { "type": "Point", "coordinates": [ 138.517175791000113, -34.970867593999969 ] } },
{ "type": "Feature", "properties": { "site_type": "PC", "site_no": "060", "site_desc": "Liverpool Street \/100m W of Mortlock Terrace, Port Lincoln", "resp": "SAG", "road_no": null, "rrd_ul": null, "rrd_r": null, "suburb": null }, "geometry": { "type": "Point", "coordinates": [ 135.858648516000017, -34.722189972999956 ] } },
{ "type": "Feature", "properties": { "site_type": "PC", "site_no": "060", "site_desc": "Liverpool Street \/100m W of Mortlock Terrace, Port Lincoln", "resp": "SAG", "road_no": null, "rrd_ul": null, "rrd_r": null, "suburb": null }, "geometry": { "type": "Point", "coordinates": [ 135.858602720000022, -34.722259243999929 ] } },
{ "type": "Feature", "properties": { "site_type": "PC", "site_no": "3078", "site_desc": "Frome Road\/260m SE of War Memorial Drive, Adelaide", "resp": "LGA", "road_no": null, "rrd_ul": null, "rrd_r": null, "suburb": null }, "geometry": { "type": "Point", "coordinates": [ 138.605094770000051, -34.914995559999966 ] } },
{ "type": "Feature", "properties": { "site_type": "PC", "site_no": "286", "site_desc": "Bolivar Road\/70m SW of Niven Drive, Paralowie", "resp": "LGA", "road_no": null, "rrd_ul": null, "rrd_r": null, "suburb": null }, "geometry": { "type": "Point", "coordinates": [ 138.59834227500005, -34.757457909999971 ] } },
{ "type": "Feature", "properties": { "site_type": "PC", "site_no": "115", "site_desc": "Payneham Road \/2m W of Briar Road, Felixstow", "resp": "SAG", "road_no": null, "rrd_ul": null, "rrd_r": null, "suburb": null }, "geometry": { "type": "Point", "coordinates": [ 138.645520288000057, -34.893771897999954 ] } },
{ "type": "Feature", "properties": { "site_type": "PC", "site_no": "115", "site_desc": "Payneham Road \/2m W of Briar Road, Felixstow", "resp": "SAG", "road_no": null, "rrd_ul": null, "rrd_r": null, "suburb": null }, "geometry": { "type": "Point", "coordinates": [ 138.645617533000063, -34.893843922999963 ] } },
{ "type": "Feature", "properties": { "site_type": "PC", "site_no": "317", "site_desc": "Salisbury Highway near Blackie Avenue, Parafield Gardens", "resp": "SAG", "road_no": null, "rrd_ul": null, "rrd_r": null, "suburb": null }, "geometry": { "type": "Point", "coordinates": [ 138.616399604000094, -34.790434422999965 ] } },
{ "type": "Feature", "properties": { "site_type": "PC", "site_no": "317", "site_desc": "Salisbury Highway near Blackie Avenue, Parafield Gardens", "resp": "SAG", "road_no": null, "rrd_ul": null, "rrd_r": null, "suburb": null }, "geometry": { "type": "Point", "coordinates": [ 138.616348140000014, -34.79033588599998 ] } },
{ "type": "Feature", "properties": { "site_type": "PC", "site_no": "109", "site_desc": "Bridge Road\/100m SW of Beafield Road, Para Hills West", "resp": "SAG", "road_no": null, "rrd_ul": null, "rrd_r": null, "suburb": null }, "geometry": { "type": "Point", "coordinates": [ 138.652530428000091, -34.803058627999974 ] } },
{ "type": "Feature", "properties": { "site_type": "PC", "site_no": "209", "site_desc": "Bridge Road \/16m NE of Williamson Road, Para Hills", "resp": "SAG", "road_no": null, "rrd_ul": null, "rrd_r": null, "suburb": null }, "geometry": { "type": "Point", "coordinates": [ 138.645889677000014, -34.810454246999939 ] } },
{ "type": "Feature", "properties": { "site_type": "PC", "site_no": "141", "site_desc": "Bridge Road \/15m SW of Goodall Road, Para Hills West", "resp": "SAG", "road_no": null, "rrd_ul": null, "rrd_r": null, "suburb": null }, "geometry": { "type": "Point", "coordinates": [ 138.654560636000042, -34.800794105999955 ] } },
{ "type": "Feature", "properties": { "site_type": "PC", "site_no": "109", "site_desc": "Bridge Road\/100m SW of Beafield Road, Para Hills West", "resp": "SAG", "road_no": null, "rrd_ul": null, "rrd_r": null, "suburb": null }, "geometry": { "type": "Point", "coordinates": [ 138.652617950000035, -34.803118233999953 ] } },
{ "type": "Feature", "properties": { "site_type": "PC", "site_no": "209", "site_desc": "Bridge Road \/16m NE of Williamson Road, Para Hills", "resp": "SAG", "road_no": null, "rrd_ul": null, "rrd_r": null, "suburb": null }, "geometry": { "type": "Point", "coordinates": [ 138.646032642000023, -34.810477347999949 ] } },
{ "type": "Feature", "properties": { "site_type": "PC", "site_no": "155", "site_desc": "Golden Grove Road \/27m S of Dewer Avenue, Modbury", "resp": "SAG", "road_no": null, "rrd_ul": null, "rrd_r": null, "suburb": null }, "geometry": { "type": "Point", "coordinates": [ 138.693744437000078, -34.825882548999971 ] } },
{ "type": "Feature", "properties": { "site_type": "PC", "site_no": "155", "site_desc": "Golden Grove Road \/27m S of Dewer Avenue, Modbury", "resp": "SAG", "road_no": null, "rrd_ul": null, "rrd_r": null, "suburb": null }, "geometry": { "type": "Point", "coordinates": [ 138.69361054500007, -34.825934719999964 ] } },
{ "type": "Feature", "properties": { "site_type": "PC", "site_no": "411", "site_desc": "Glen Osmond Rd \/ Main Av", "resp": "SAG", "road_no": null, "rrd_ul": null, "rrd_r": null, "suburb": null }, "geometry": { "type": "Point", "coordinates": [ 138.626382900000067, -34.947103591999962 ] } },
{ "type": "Feature", "properties": { "site_type": "PC", "site_no": "240", "site_desc": "Salisbury Highway \/15m NE of Lamorna Parade, Parafield Gardens", "resp": "SAG", "road_no": null, "rrd_ul": null, "rrd_r": null, "suburb": null }, "geometry": { "type": "Point", "coordinates": [ 138.619038513000078, -34.787330229999952 ] } },
{ "type": "Feature", "properties": { "site_type": "PC", "site_no": "412", "site_desc": "Fullarton Rd \/ Campbell Rd", "resp": "SAG", "road_no": null, "rrd_ul": null, "rrd_r": null, "suburb": null }, "geometry": { "type": "Point", "coordinates": [ 138.62513492800008, -34.947515861999932 ] } },
{ "type": "Feature", "properties": { "site_type": "PC", "site_no": "393", "site_desc": "Magil Rd \/ Pepper St", "resp": "LGA", "road_no": null, "rrd_ul": null, "rrd_r": null, "suburb": null }, "geometry": { "type": "Point", "coordinates": [ 138.675102674000073, -34.913074350999977 ] } },
{ "type": "Feature", "properties": { "site_type": "PC", "site_no": "419", "site_desc": "Heaslip Rd \/ near Bressington Dr", "resp": "LGA", "road_no": null, "rrd_ul": null, "rrd_r": null, "suburb": null }, "geometry": { "type": "Point", "coordinates": [ 138.646529143000066, -34.638789462999966 ] } },
{ "type": "Feature", "properties": { "site_type": "PC", "site_no": "376", "site_desc": "South Rd \/ Cedar Ave", "resp": "SAG", "road_no": null, "rrd_ul": null, "rrd_r": null, "suburb": null }, "geometry": { "type": "Point", "coordinates": [ 138.56778870800008, -34.894658769999978 ] } },
{ "type": "Feature", "properties": { "site_type": "PC", "site_no": "032", "site_desc": "South Rd \/ Cedar Ave", "resp": "SAG", "road_no": null, "rrd_ul": null, "rrd_r": null, "suburb": null }, "geometry": { "type": "Point", "coordinates": [ 138.568460245000097, -34.892449088999967 ] } },
{ "type": "Feature", "properties": { "site_type": "PC", "site_no": "269", "site_desc": "St Vincent Street \/25m E of Robe Street, Port Adelaide", "resp": "SAG", "road_no": null, "rrd_ul": null, "rrd_r": null, "suburb": null }, "geometry": { "type": "Point", "coordinates": [ 138.503939636000041, -34.844572673999949 ] } },
{ "type": "Feature", "properties": { "site_type": "PC", "site_no": "056", "site_desc": "Diagonal Road \/16m SE of Keynes Avenue, Warradale", "resp": "SAG", "road_no": null, "rrd_ul": null, "rrd_r": null, "suburb": null }, "geometry": { "type": "Point", "coordinates": [ 138.535277774000065, -35.003557340999976 ] } },
{ "type": "Feature", "properties": { "site_type": "PC", "site_no": "053", "site_desc": "Causeway Road \/95m N of Mary Street, Ethelton", "resp": "SAG", "road_no": null, "rrd_ul": null, "rrd_r": null, "suburb": null }, "geometry": { "type": "Point", "coordinates": [ 138.494632469000067, -34.848188671999935 ] } },
{ "type": "Feature", "properties": { "site_type": "PC", "site_no": "151", "site_desc": "Torrens Road \/9m SE of Actil Avenue, Woodville", "resp": "SAG", "road_no": null, "rrd_ul": null, "rrd_r": null, "suburb": null }, "geometry": { "type": "Point", "coordinates": [ 138.540997202000085, -34.870673895999971 ] } },
{ "type": "Feature", "properties": { "site_type": "PC", "site_no": "186", "site_desc": "Tapleys Hill Road \/8m S of Sheppard Street, Royal Park", "resp": "SAG", "road_no": null, "rrd_ul": null, "rrd_r": null, "suburb": null }, "geometry": { "type": "Point", "coordinates": [ 138.512081504000093, -34.869656600999974 ] } },
{ "type": "Feature", "properties": { "site_type": "PC", "site_no": "382", "site_desc": "Adelaide Rd near Galwer St", "resp": "SAG", "road_no": null, "rrd_ul": null, "rrd_r": null, "suburb": null }, "geometry": { "type": "Point", "coordinates": [ 138.857112206000011, -35.067848629999958 ] } },
{ "type": "Feature", "properties": { "site_type": "PC", "site_no": "382", "site_desc": "Adelaide Rd near Galwer St", "resp": "SAG", "road_no": null, "rrd_ul": null, "rrd_r": null, "suburb": null }, "geometry": { "type": "Point", "coordinates": [ 138.857024318000072, -35.067888462999974 ] } },
{ "type": "Feature", "properties": { "site_type": "PC", "site_no": "311", "site_desc": "South Rd\/40m S of Price St, Melrose Park", "resp": "SAG", "road_no": null, "rrd_ul": null, "rrd_r": null, "suburb": null }, "geometry": { "type": "Point", "coordinates": [ 138.573890954000035, -34.981001345999971 ] } },
{ "type": "Feature", "properties": { "site_type": "PC", "site_no": "384", "site_desc": "Milne Road \/W of Redwood Avenue, Redwood Park, Ridgehaven Primary", "resp": "SAG", "road_no": null, "rrd_ul": null, "rrd_r": null, "suburb": null }, "geometry": { "type": "Point", "coordinates": [ 138.710468856000034, -34.816388373999985 ] } },
{ "type": "Feature", "properties": { "site_type": "PC", "site_no": "3101", "site_desc": "Melbourne St near West Pallant St, North Adelaide", "resp": "LGA", "road_no": null, "rrd_ul": null, "rrd_r": null, "suburb": null }, "geometry": { "type": "Point", "coordinates": [ 138.608158858000024, -34.906587232999982 ] } },
{ "type": "Feature", "properties": { "site_type": "PC", "site_no": "283", "site_desc": "Reynell Road \/E of Malbeck Drive, Reynella East", "resp": "LGA", "road_no": null, "rrd_ul": null, "rrd_r": null, "suburb": null }, "geometry": { "type": "Point", "coordinates": [ 138.554875885000115, -35.093183458999931 ] } },
{ "type": "Feature", "properties": { "site_type": "PC", "site_no": "018", "site_desc": "Woodville Road \/31m SW of Simpson Street, Woodville South", "resp": "SAG", "road_no": null, "rrd_ul": null, "rrd_r": null, "suburb": null }, "geometry": { "type": "Point", "coordinates": [ 138.533564750000096, -34.882618850999961 ] } },
{ "type": "Feature", "properties": { "site_type": "PC", "site_no": "142", "site_desc": "George Street \/N of Young Street, Parkside", "resp": "LGA", "road_no": null, "rrd_ul": null, "rrd_r": null, "suburb": null }, "geometry": { "type": "Point", "coordinates": [ 138.612987044000079, -34.944133713999975 ] } },
{ "type": "Feature", "properties": { "site_type": "PC", "site_no": "016", "site_desc": "South Road \/29m S of Bennett Street, Thebarton", "resp": "SAG", "road_no": null, "rrd_ul": null, "rrd_r": null, "suburb": null }, "geometry": { "type": "Point", "coordinates": [ 138.566816026000083, -34.916178418999948 ] } },
{ "type": "Feature", "properties": { "site_type": "PC", "site_no": "189", "site_desc": "Main Road \/70m N of Shepherds Hill Road, Blackwood", "resp": "SAG", "road_no": null, "rrd_ul": null, "rrd_r": null, "suburb": null }, "geometry": { "type": "Point", "coordinates": [ 138.616457966000098, -35.020522501999949 ] } },
{ "type": "Feature", "properties": { "site_type": "PC", "site_no": "237", "site_desc": "Marion Road \/78m N of Hawson Avenue, North Plympton", "resp": "SAG", "road_no": null, "rrd_ul": null, "rrd_r": null, "suburb": null }, "geometry": { "type": "Point", "coordinates": [ 138.554244671000106, -34.955848303999971 ] } },
{ "type": "Feature", "properties": { "site_type": "PC", "site_no": "087", "site_desc": "South Road \/12m S of John Street, Marleston", "resp": "SAG", "road_no": null, "rrd_ul": null, "rrd_r": null, "suburb": null }, "geometry": { "type": "Point", "coordinates": [ 138.571211457000118, -34.943123828999944 ] } },
{ "type": "Feature", "properties": { "site_type": "PC", "site_no": "027", "site_desc": "Marion Road \/37m S of Wheaton Street, South Plympton", "resp": "SAG", "road_no": null, "rrd_ul": null, "rrd_r": null, "suburb": null }, "geometry": { "type": "Point", "coordinates": [ 138.555430526, -34.972336060999965 ] } },
{ "type": "Feature", "properties": { "site_type": "PC", "site_no": "151", "site_desc": "Torrens Road \/9m SE of Actil Avenue, Woodville", "resp": "SAG", "road_no": null, "rrd_ul": null, "rrd_r": null, "suburb": null }, "geometry": { "type": "Point", "coordinates": [ 138.540949910000109, -34.870745090999947 ] } },
{ "type": "Feature", "properties": { "site_type": "PC", "site_no": "070", "site_desc": "Torrens Road \/24m NW of Copley Street, Kilkenny", "resp": "SAG", "road_no": null, "rrd_ul": null, "rrd_r": null, "suburb": null }, "geometry": { "type": "Point", "coordinates": [ 138.55402570800004, -34.878585200999964 ] } },
{ "type": "Feature", "properties": { "site_type": "PC", "site_no": "370", "site_desc": "Alawoona Ave Tonsley Rail Croassing", "resp": "LGA", "road_no": null, "rrd_ul": null, "rrd_r": null, "suburb": null }, "geometry": { "type": "Point", "coordinates": [ 138.567068590000076, -35.008215802999985 ] } },
{ "type": "Feature", "properties": { "site_type": "PC", "site_no": "194", "site_desc": "Nelson Road \/39m N Lorraine Avenue, Para Vista", "resp": "SAG", "road_no": null, "rrd_ul": null, "rrd_r": null, "suburb": null }, "geometry": { "type": "Point", "coordinates": [ 138.661978887000032, -34.830906689999949 ] } },
{ "type": "Feature", "properties": { "site_type": "PC", "site_no": "174", "site_desc": "Ascot Avenue \/55m SE of Tonkin Street, Vale Park", "resp": "SAG", "road_no": null, "rrd_ul": null, "rrd_r": null, "suburb": null }, "geometry": { "type": "Point", "coordinates": [ 138.625595709000095, -34.886005567999973 ] } },
{ "type": "Feature", "properties": { "site_type": "PC", "site_no": "254", "site_desc": "Portrush Road \/15m S of Fowlers Road, Glen Osmond", "resp": "SAG", "road_no": null, "rrd_ul": null, "rrd_r": null, "suburb": null }, "geometry": { "type": "Point", "coordinates": [ 138.643759096000053, -34.956384107999952 ] } },
{ "type": "Feature", "properties": { "site_type": "PC", "site_no": "094", "site_desc": "Portrush Road \/ Stafford Grove, Heathpool", "resp": "SAG", "road_no": null, "rrd_ul": null, "rrd_r": null, "suburb": null }, "geometry": { "type": "Point", "coordinates": [ 138.641790818000118, -34.930612918999941 ] } },
{ "type": "Feature", "properties": { "site_type": "PC", "site_no": "073", "site_desc": "Portrush Road \/26m N of Jones Avenue, Trinity Gardens", "resp": "SAG", "road_no": null, "rrd_ul": null, "rrd_r": null, "suburb": null }, "geometry": { "type": "Point", "coordinates": [ 138.64004210600001, -34.909121330999938 ] } },
{ "type": "Feature", "properties": { "site_type": "PC", "site_no": "072", "site_desc": "Lower Portrush Road \/18m NW of Beasley Street, Marden", "resp": "SAG", "road_no": null, "rrd_ul": null, "rrd_r": null, "suburb": null }, "geometry": { "type": "Point", "coordinates": [ 138.633781819000092, -34.892259137999929 ] } },
{ "type": "Feature", "properties": { "site_type": "PC", "site_no": "092", "site_desc": "Portrush Road \/32m N of Talbot Grove, Marryatville", "resp": "SAG", "road_no": null, "rrd_ul": null, "rrd_r": null, "suburb": null }, "geometry": { "type": "Point", "coordinates": [ 138.641527406000023, -34.928582250999966 ] } },
{ "type": "Feature", "properties": { "site_type": "PC", "site_no": "129", "site_desc": "Portrush Road \/28m S of Harcourt Road, Payneham", "resp": "SAG", "road_no": null, "rrd_ul": null, "rrd_r": null, "suburb": null }, "geometry": { "type": "Point", "coordinates": [ 138.639550807000091, -34.902347479999946 ] } },
{ "type": "Feature", "properties": { "site_type": "PC", "site_no": "174", "site_desc": "Ascot Avenue \/55m SE of Tonkin Street, Vale Park", "resp": "SAG", "road_no": null, "rrd_ul": null, "rrd_r": null, "suburb": null }, "geometry": { "type": "Point", "coordinates": [ 138.625626777000093, -34.885869226999944 ] } },
{ "type": "Feature", "properties": { "site_type": "PC", "site_no": "103", "site_desc": "Portrush Road\/15m S of Hay Road, Linden Park", "resp": "SAG", "road_no": null, "rrd_ul": null, "rrd_r": null, "suburb": null }, "geometry": { "type": "Point", "coordinates": [ 138.643110264000029, -34.94758857599993 ] } },
{ "type": "Feature", "properties": { "site_type": "PC", "site_no": "051", "site_desc": "Portrush Road \/50m N of William Street, Norwood", "resp": "SAG", "road_no": null, "rrd_ul": null, "rrd_r": null, "suburb": null }, "geometry": { "type": "Point", "coordinates": [ 138.641220341, -34.923494502999972 ] } },
{ "type": "Feature", "properties": { "site_type": "PC", "site_no": "167", "site_desc": "Brighton Road \/27m S of Gregory Street, Brighton", "resp": "SAG", "road_no": null, "rrd_ul": null, "rrd_r": null, "suburb": null }, "geometry": { "type": "Point", "coordinates": [ 138.52321750100009, -35.02130673299996 ] } },
{ "type": "Feature", "properties": { "site_type": "PC", "site_no": "180", "site_desc": "Cross Road \/10m W of West Terrace, Highgate", "resp": "SAG", "road_no": null, "rrd_ul": null, "rrd_r": null, "suburb": null }, "geometry": { "type": "Point", "coordinates": [ 138.617389910000043, -34.964981400999932 ] } },
{ "type": "Feature", "properties": { "site_type": "PC", "site_no": "146", "site_desc": "Cross Road \/98m E of Churchill Avenue, Clarence Park", "resp": "SAG", "road_no": null, "rrd_ul": null, "rrd_r": null, "suburb": null }, "geometry": { "type": "Point", "coordinates": [ 138.587071319000074, -34.966503477999936 ] } },
{ "type": "Feature", "properties": { "site_type": "PC", "site_no": "379", "site_desc": "Cycle crossing - Cross rds \/ Rugby St", "resp": "SAG", "road_no": null, "rrd_ul": null, "rrd_r": null, "suburb": null }, "geometry": { "type": "Point", "coordinates": [ 138.610749411000029, -34.965304798999966 ] } },
{ "type": "Feature", "properties": { "site_type": "PC", "site_no": "177", "site_desc": "Findon Road \/30m S Evans Street, Woodville", "resp": "SAG", "road_no": null, "rrd_ul": null, "rrd_r": null, "suburb": null }, "geometry": { "type": "Point", "coordinates": [ 138.530877480000072, -34.880483804999983 ] } },
{ "type": "Feature", "properties": { "site_type": "PC", "site_no": "189", "site_desc": "Main Road \/70m N of Shepherds Hill Road, Blackwood", "resp": "SAG", "road_no": null, "rrd_ul": null, "rrd_r": null, "suburb": null }, "geometry": { "type": "Point", "coordinates": [ 138.616513427000086, -35.020410746999971 ] } },
{ "type": "Feature", "properties": { "site_type": "PC", "site_no": "391", "site_desc": "Blythewood Rd \/31m W of Braemar Rd", "resp": "SAG", "road_no": null, "rrd_ul": null, "rrd_r": null, "suburb": null }, "geometry": { "type": "Point", "coordinates": [ 138.614387798000052, -34.983619974999954 ] } },
{ "type": "Feature", "properties": { "site_type": "PC", "site_no": "206", "site_desc": "Woodford Road \/24m SW of Pewsey Street, Elizabeth North", "resp": "LGA", "road_no": null, "rrd_ul": null, "rrd_r": null, "suburb": null }, "geometry": { "type": "Point", "coordinates": [ 138.670507818000033, -34.713145686999951 ] } },
{ "type": "Feature", "properties": { "site_type": "PC", "site_no": "329", "site_desc": "Swanport Rd\/24m S of Long Island Rd, Murray Bridge", "resp": "SAG", "road_no": null, "rrd_ul": null, "rrd_r": null, "suburb": null }, "geometry": { "type": "Point", "coordinates": [ 139.285151177000103, -35.137883809999948 ] } },
{ "type": "Feature", "properties": { "site_type": "PC", "site_no": "388", "site_desc": "Sunnymeade Drive \/W of Campus Drive, Aberfoyle Park, Aberfoyle Park Primary", "resp": "LGA", "road_no": null, "rrd_ul": null, "rrd_r": null, "suburb": null }, "geometry": { "type": "Point", "coordinates": [ 138.595734267000012, -35.065726187999928 ] } },
{ "type": "Feature", "properties": { "site_type": "WX", "site_no": "007", "site_desc": "Gawler St - Approx. 9 N of John St", "resp": "LGA", "road_no": null, "rrd_ul": null, "rrd_r": null, "suburb": null }, "geometry": { "type": "Point", "coordinates": [ 138.64320723000003, -34.762696862999974 ] } },
{ "type": "Feature", "properties": { "site_type": "WX", "site_no": "006", "site_desc": "Grand Bvd - 40m N of Lynton Tce", "resp": "LGA", "road_no": null, "rrd_ul": null, "rrd_r": null, "suburb": null }, "geometry": { "type": "Point", "coordinates": [ 138.480526870000062, -35.188079787999982 ] } },
{ "type": "Feature", "properties": { "site_type": "WX", "site_no": "015", "site_desc": "Park Av, between Taylors Rd and the Mall ", "resp": "LGA", "road_no": null, "rrd_ul": null, "rrd_r": null, "suburb": null }, "geometry": { "type": "Point", "coordinates": [ 138.590082414000108, -35.07381788899994 ] } },
{ "type": "Feature", "properties": { "site_type": "PC", "site_no": "395", "site_desc": "Greenhill Rd Left Cwy near Lancelot Av", "resp": "SAG", "road_no": null, "rrd_ul": null, "rrd_r": null, "suburb": null }, "geometry": { "type": "Point", "coordinates": [ 138.658282979000091, -34.938365530999931 ] } },
{ "type": "Feature", "properties": { "site_type": "PC", "site_no": "395", "site_desc": "Greenhill Rd Right Cwy near Lancelot Av", "resp": "SAG", "road_no": null, "rrd_ul": null, "rrd_r": null, "suburb": null }, "geometry": { "type": "Point", "coordinates": [ 138.658292862000053, -34.938430925999967 ] } },
{ "type": "Feature", "properties": { "site_type": "WX", "site_no": "013", "site_desc": "Main Rd - close to Hewit Dr", "resp": "SAG", "road_no": null, "rrd_ul": null, "rrd_r": null, "suburb": null }, "geometry": { "type": "Point", "coordinates": [ 138.536546398000041, -35.214389122999933 ] } },
{ "type": "Feature", "properties": { "site_type": "PC", "site_no": "259", "site_desc": "Philip Highway\/50m S of Swan Crescent, Elizabeth South", "resp": "SAG", "road_no": null, "rrd_ul": null, "rrd_r": null, "suburb": null }, "geometry": { "type": "Point", "coordinates": [ 138.662490618000106, -34.732362278999972 ] } },
{ "type": "Feature", "properties": { "site_type": "PC", "site_no": "159", "site_desc": "North Terrace \/9m SW of Trinity Street, College Park", "resp": "SAG", "road_no": null, "rrd_ul": null, "rrd_r": null, "suburb": null }, "geometry": { "type": "Point", "coordinates": [ 138.620959442000071, -34.916556358999969 ] } },
{ "type": "Feature", "properties": { "site_type": "PC", "site_no": "042", "site_desc": "Kelly Road \/N of Wright Road, Modbury", "resp": "LGA", "road_no": null, "rrd_ul": null, "rrd_r": null, "suburb": null }, "geometry": { "type": "Point", "coordinates": [ 138.675180160000082, -34.833524302999933 ] } },
{ "type": "Feature", "properties": { "site_type": "PC", "site_no": "114", "site_desc": "Payneham Road \/16m NE of Westminster Street, St Peters", "resp": "SAG", "road_no": null, "rrd_ul": null, "rrd_r": null, "suburb": null }, "geometry": { "type": "Point", "coordinates": [ 138.62964716700003, -34.907420588999969 ] } },
{ "type": "Feature", "properties": { "site_type": "PC", "site_no": "118", "site_desc": "Bridge Road \/15m N of Priscilla Road, Pooraka", "resp": "SAG", "road_no": null, "rrd_ul": null, "rrd_r": null, "suburb": null }, "geometry": { "type": "Point", "coordinates": [ 138.628442792000101, -34.832382218999953 ] } },
{ "type": "Feature", "properties": { "site_type": "PC", "site_no": "381", "site_desc": "Victoria Rd \/ Strathfield Tce", "resp": "SAG", "road_no": null, "rrd_ul": null, "rrd_r": null, "suburb": null }, "geometry": { "type": "Point", "coordinates": [ 138.501191796000057, -34.813040900999965 ] } },
{ "type": "Feature", "properties": { "site_type": "PC", "site_no": "381", "site_desc": "Victoria Rd \/ Strathfield Tce", "resp": "SAG", "road_no": null, "rrd_ul": null, "rrd_r": null, "suburb": null }, "geometry": { "type": "Point", "coordinates": [ 138.501396059000058, -34.81299301599995 ] } },
{ "type": "Feature", "properties": { "site_type": "PC", "site_no": "405", "site_desc": "Greenhill Rd \/ Birkin St", "resp": "SAG", "road_no": null, "rrd_ul": null, "rrd_r": null, "suburb": null }, "geometry": { "type": "Point", "coordinates": [ 138.620711620000066, -34.940319189999968 ] } },
{ "type": "Feature", "properties": { "site_type": "PC", "site_no": "389", "site_desc": "Mawson Lakes Bvd \/ UnisSA campus", "resp": "LGA", "road_no": null, "rrd_ul": null, "rrd_r": null, "suburb": null }, "geometry": { "type": "Point", "coordinates": [ 138.618815381000104, -34.812309730999971 ] } },
{ "type": "Feature", "properties": { "site_type": "PC", "site_no": "370", "site_desc": "Alawoona Ave Tonsley Rail Croassing", "resp": "LGA", "road_no": null, "rrd_ul": null, "rrd_r": null, "suburb": null }, "geometry": { "type": "Point", "coordinates": [ 138.56741080300003, -35.008197374999952 ] } },
{ "type": "Feature", "properties": { "site_type": "PC", "site_no": "394", "site_desc": "Daws Rd \/ Repat Hospital \/ Daw Park High School", "resp": "SAG", "road_no": null, "rrd_ul": null, "rrd_r": null, "suburb": null }, "geometry": { "type": "Point", "coordinates": [ 138.59065208200002, -34.992015073999937 ] } },
{ "type": "Feature", "properties": { "site_type": "PC", "site_no": "394", "site_desc": "Daws Rd \/ Repat Hospital \/ Daw Park High School", "resp": "SAG", "road_no": null, "rrd_ul": null, "rrd_r": null, "suburb": null }, "geometry": { "type": "Point", "coordinates": [ 138.590662563000024, -34.992134631999932 ] } },
{ "type": "Feature", "properties": { "site_type": "PC", "site_no": "319", "site_desc": "Philip Hwy\/70m S of Stockton St, Elizabeth", "resp": "SAG", "road_no": null, "rrd_ul": null, "rrd_r": null, "suburb": null }, "geometry": { "type": "Point", "coordinates": [ 138.667603318000033, -34.724219266999967 ] } },
{ "type": "Feature", "properties": { "site_type": "PC", "site_no": "039", "site_desc": "Goodwood Road \/21m S of Aver Avenue, Daw Park", "resp": "SAG", "road_no": null, "rrd_ul": null, "rrd_r": null, "suburb": null }, "geometry": { "type": "Point", "coordinates": [ 138.591835591000063, -34.980767666999952 ] } },
{ "type": "Feature", "properties": { "site_type": "WX", "site_no": "014", "site_desc": "Esplanade at Brighton in front of Surf Live Saving Club", "resp": "LGA", "road_no": null, "rrd_ul": null, "rrd_r": null, "suburb": null }, "geometry": { "type": "Point", "coordinates": [ 138.515140616000053, -35.018897299999935 ] } },
{ "type": "Feature", "properties": { "site_type": "PC", "site_no": "255", "site_desc": "Seaview Road\/30m N of Main Street, Henley Beach", "resp": "SAG", "road_no": null, "rrd_ul": null, "rrd_r": null, "suburb": null }, "geometry": { "type": "Point", "coordinates": [ 138.494299917000035, -34.919486843999948 ] } },
{ "type": "Feature", "properties": { "site_type": "PC", "site_no": "386", "site_desc": "Park Tce (right cwy) \/ between Forth and Fifth St", "resp": "SAG", "road_no": null, "rrd_ul": null, "rrd_r": null, "suburb": null }, "geometry": { "type": "Point", "coordinates": [ 138.579897549000066, -34.906361843999946 ] } },
{ "type": "Feature", "properties": { "site_type": "PC", "site_no": "386", "site_desc": "Park Tce (Left Cwy) \/ between Forth and Fifth St", "resp": "SAG", "road_no": null, "rrd_ul": null, "rrd_r": null, "suburb": null }, "geometry": { "type": "Point", "coordinates": [ 138.579695560000118, -34.906252406999954 ] } },
{ "type": "Feature", "properties": { "site_type": "PC", "site_no": "038", "site_desc": "Henley Beach Road \/35m W of Henley Street, Mile End", "resp": "SAG", "road_no": null, "rrd_ul": null, "rrd_r": null, "suburb": null }, "geometry": { "type": "Point", "coordinates": [ 138.559362061000115, -34.924206040999934 ] } },
{ "type": "Feature", "properties": { "site_type": "PC", "site_no": "004", "site_desc": "Henley Beach Road \/18m E of East Terrace, Henley Beach", "resp": "SAG", "road_no": null, "rrd_ul": null, "rrd_r": null, "suburb": null }, "geometry": { "type": "Point", "coordinates": [ 138.497973417000026, -34.925544676999948 ] } },
{ "type": "Feature", "properties": { "site_type": "PC", "site_no": "407", "site_desc": "Nicolson Ave \/ Whyalla Secondary School", "resp": "LGA", "road_no": null, "rrd_ul": null, "rrd_r": null, "suburb": null }, "geometry": { "type": "Point", "coordinates": [ 137.544698316000108, -33.028078393999976 ] } },
{ "type": "Feature", "properties": { "site_type": "PC", "site_no": "407", "site_desc": "Nicolson Ave \/ Whyalla Secondary School", "resp": "LGA", "road_no": null, "rrd_ul": null, "rrd_r": null, "suburb": null }, "geometry": { "type": "Point", "coordinates": [ 137.54472855500012, -33.028231785999935 ] } },
{ "type": "Feature", "properties": { "site_type": "PC", "site_no": "385", "site_desc": "Morphett Rd south of Prunus St", "resp": "SAG", "road_no": null, "rrd_ul": null, "rrd_r": null, "suburb": null }, "geometry": { "type": "Point", "coordinates": [ 138.540211761000023, -35.008425608999971 ] } },
{ "type": "Feature", "properties": { "site_type": "PC", "site_no": "296", "site_desc": "West Lakes Boulevard\/170m W of Tapleys Hill Road, Royal Park", "resp": "SAG", "road_no": null, "rrd_ul": null, "rrd_r": null, "suburb": null }, "geometry": { "type": "Point", "coordinates": [ 138.510951176000049, -34.879546840999978 ] } },
{ "type": "Feature", "properties": { "site_type": "PC", "site_no": "217", "site_desc": "Sturt Road \/55m W of Glamis Avenue, Marion", "resp": "SAG", "road_no": null, "rrd_ul": null, "rrd_r": null, "suburb": null }, "geometry": { "type": "Point", "coordinates": [ 138.545749392000062, -35.017740314999969 ] } },
{ "type": "Feature", "properties": { "site_type": "PC", "site_no": "129", "site_desc": "Portrush Road \/28m S of Harcourt Road, Payneham", "resp": "SAG", "road_no": null, "rrd_ul": null, "rrd_r": null, "suburb": null }, "geometry": { "type": "Point", "coordinates": [ 138.63965711600008, -34.902339850999965 ] } },
{ "type": "Feature", "properties": { "site_type": "PC", "site_no": "154", "site_desc": "Sturt Road \/14m W of Grandview Grove, Sturt", "resp": "SAG", "road_no": null, "rrd_ul": null, "rrd_r": null, "suburb": null }, "geometry": { "type": "Point", "coordinates": [ 138.554940787000078, -35.017294265999965 ] } },
{ "type": "Feature", "properties": { "site_type": "PC", "site_no": "172", "site_desc": "Montacute Road \/8m E of Piccadilly Cresent, Hectorville", "resp": "SAG", "road_no": null, "rrd_ul": null, "rrd_r": null, "suburb": null }, "geometry": { "type": "Point", "coordinates": [ 138.659130413000071, -34.889319850999982 ] } },
{ "type": "Feature", "properties": { "site_type": "PC", "site_no": "136", "site_desc": "Grange Road \/35m E of Hart Street, Kidman Park", "resp": "SAG", "road_no": null, "rrd_ul": null, "rrd_r": null, "suburb": null }, "geometry": { "type": "Point", "coordinates": [ 138.523027438000099, -34.905920521999974 ] } },
{ "type": "Feature", "properties": { "site_type": "PC", "site_no": "191", "site_desc": "The Parade\/100m E of Edward Street, Norwood", "resp": "SAG", "road_no": null, "rrd_ul": null, "rrd_r": null, "suburb": null }, "geometry": { "type": "Point", "coordinates": [ 138.635269676000121, -34.921237616999974 ] } },
{ "type": "Feature", "properties": { "site_type": "PC", "site_no": "211", "site_desc": "Fiveash Drive \/90m NE of Day Drive, Pasadena", "resp": "SAG", "road_no": null, "rrd_ul": null, "rrd_r": null, "suburb": null }, "geometry": { "type": "Point", "coordinates": [ 138.590778591000117, -35.001670502999957 ] } },
{ "type": "Feature", "properties": { "site_type": "PC", "site_no": "075", "site_desc": "Brighton Road \/33m N of Barwell Avenue, Seacliff", "resp": "SAG", "road_no": null, "rrd_ul": null, "rrd_r": null, "suburb": null }, "geometry": { "type": "Point", "coordinates": [ 138.524401658000102, -35.036702848999937 ] } },
{ "type": "Feature", "properties": { "site_type": "PC", "site_no": "146", "site_desc": "Cross Road \/98m E of Churchill Avenue, Clarence Park", "resp": "SAG", "road_no": null, "rrd_ul": null, "rrd_r": null, "suburb": null }, "geometry": { "type": "Point", "coordinates": [ 138.587074395000059, -34.966584337999961 ] } },
{ "type": "Feature", "properties": { "site_type": "PC", "site_no": "376", "site_desc": "South Rd \/ Cedar Ave", "resp": "SAG", "road_no": null, "rrd_ul": null, "rrd_r": null, "suburb": null }, "geometry": { "type": "Point", "coordinates": [ 138.56832354800008, -34.894551179999951 ] } },
{ "type": "Feature", "properties": { "site_type": "PC", "site_no": "051", "site_desc": "Portrush Road \/50m N of William Street, Norwood", "resp": "SAG", "road_no": null, "rrd_ul": null, "rrd_r": null, "suburb": null }, "geometry": { "type": "Point", "coordinates": [ 138.641119237000112, -34.923497319999967 ] } },
{ "type": "Feature", "properties": { "site_type": "PC", "site_no": "177", "site_desc": "Findon Road \/30m S Evans Street, Woodville", "resp": "SAG", "road_no": null, "rrd_ul": null, "rrd_r": null, "suburb": null }, "geometry": { "type": "Point", "coordinates": [ 138.530758991000084, -34.880493823999984 ] } },
{ "type": "Feature", "properties": { "site_type": "PC", "site_no": "390", "site_desc": "Stradbroke Rd \/ north of Whites Lane", "resp": "LGA", "road_no": null, "rrd_ul": null, "rrd_r": null, "suburb": null }, "geometry": { "type": "Point", "coordinates": [ 138.691766199000085, -34.883966296999972 ] } },
{ "type": "Feature", "properties": { "site_type": "PC", "site_no": "052", "site_desc": "Oaklands Road\/160m SW of Marion Road, Park Holme", "resp": "SAG", "road_no": null, "rrd_ul": null, "rrd_r": null, "suburb": null }, "geometry": { "type": "Point", "coordinates": [ 138.555463467000095, -34.994173775999968 ] } },
{ "type": "Feature", "properties": { "site_type": "PC", "site_no": "002", "site_desc": "Daws Road \/13m W of Percy Avenue, Mitchell Park", "resp": "SAG", "road_no": null, "rrd_ul": null, "rrd_r": null, "suburb": null }, "geometry": { "type": "Point", "coordinates": [ 138.565613008000014, -34.993324945999973 ] } },
{ "type": "Feature", "properties": { "site_type": "WX", "site_no": "008", "site_desc": "Mt Barker Rd - 21m SE of Hereford Av", "resp": "SAG", "road_no": null, "rrd_ul": null, "rrd_r": null, "suburb": null }, "geometry": { "type": "Point", "coordinates": [ 138.807826156000033, -35.026315376999946 ] } },
{ "type": "Feature", "properties": { "site_type": "PC", "site_no": "195", "site_desc": "South Rd\/23m N of Walsh Ave, St Marys", "resp": "SAG", "road_no": null, "rrd_ul": null, "rrd_r": null, "suburb": null }, "geometry": { "type": "Point", "coordinates": [ 138.575682418000042, -35.003014863999965 ] } },
{ "type": "Feature", "properties": { "site_type": "PC", "site_no": "021", "site_desc": "Grange Road \/12m W of McDonnell Avenue, West Hindmarsh", "resp": "SAG", "road_no": null, "rrd_ul": null, "rrd_r": null, "suburb": null }, "geometry": { "type": "Point", "coordinates": [ 138.563258439000037, -34.904254555999955 ] } },
{ "type": "Feature", "properties": { "site_type": "PC", "site_no": "059", "site_desc": "Burbridge Rd\/35m E of Davis St, West Beach", "resp": "SAG", "road_no": null, "rrd_ul": null, "rrd_r": null, "suburb": null }, "geometry": { "type": "Point", "coordinates": [ 138.509833823, -34.935611273999939 ] } },
{ "type": "Feature", "properties": { "site_type": "PC", "site_no": "066", "site_desc": "Sherriffs Road \/21m W of Acre Avenue, Morphett Vale", "resp": "SAG", "road_no": null, "rrd_ul": null, "rrd_r": null, "suburb": null }, "geometry": { "type": "Point", "coordinates": [ 138.517058579000036, -35.10560735699994 ] } },
{ "type": "Feature", "properties": { "site_type": "PC", "site_no": "017", "site_desc": "Sherriffs Rd\/94m E of Wilson Ave, Reynella", "resp": "SAG", "road_no": null, "rrd_ul": null, "rrd_r": null, "suburb": null }, "geometry": { "type": "Point", "coordinates": [ 138.524220754000112, -35.105271863999974 ] } },
{ "type": "Feature", "properties": { "site_type": "PC", "site_no": "017", "site_desc": "Sherriffs Rd\/94m E of Wilson Ave, Reynella", "resp": "SAG", "road_no": null, "rrd_ul": null, "rrd_r": null, "suburb": null }, "geometry": { "type": "Point", "coordinates": [ 138.524158198, -35.105159364999963 ] } },
{ "type": "Feature", "properties": { "site_type": "PC", "site_no": "073", "site_desc": "Portrush Road \/26m N of Jones Avenue, Trinity Gardens", "resp": "SAG", "road_no": null, "rrd_ul": null, "rrd_r": null, "suburb": null }, "geometry": { "type": "Point", "coordinates": [ 138.640138848000106, -34.909117289999983 ] } },
{ "type": "Feature", "properties": { "site_type": "PC", "site_no": "367", "site_desc": "Brighton Rd - Approx. 18m S of Cecelia St", "resp": "SAG", "road_no": null, "rrd_ul": null, "rrd_r": null, "suburb": null }, "geometry": { "type": "Point", "coordinates": [ 138.522343724000052, -35.008360928999934 ] } },
{ "type": "Feature", "properties": { "site_type": "PC", "site_no": "028", "site_desc": "South Road \/42m S of Southern Avenue, St Marys", "resp": "SAG", "road_no": null, "rrd_ul": null, "rrd_r": null, "suburb": null }, "geometry": { "type": "Point", "coordinates": [ 138.574994366000055, -34.995271744999968 ] } },
{ "type": "Feature", "properties": { "site_type": "PC", "site_no": "296", "site_desc": "West Lakes Boulevard\/170m W of Tapleys Hill Road, Royal Park", "resp": "SAG", "road_no": null, "rrd_ul": null, "rrd_r": null, "suburb": null }, "geometry": { "type": "Point", "coordinates": [ 138.510948855000038, -34.879466603999958 ] } },
{ "type": "Feature", "properties": { "site_type": "PC", "site_no": "350", "site_desc": "Military Road \/67m N of Jetty Road, Grange", "resp": "SAG", "road_no": null, "rrd_ul": null, "rrd_r": null, "suburb": null }, "geometry": { "type": "Point", "coordinates": [ 138.490728211000032, -34.901846104999947 ] } },
{ "type": "Feature", "properties": { "site_type": "PC", "site_no": "080", "site_desc": "Marion Road \/13m S of Passmore Street, Richmond", "resp": "SAG", "road_no": null, "rrd_ul": null, "rrd_r": null, "suburb": null }, "geometry": { "type": "Point", "coordinates": [ 138.552928304000034, -34.939049574999956 ] } },
{ "type": "Feature", "properties": { "site_type": "PC", "site_no": "080", "site_desc": "Marion Road \/13m S of Passmore Street, Richmond", "resp": "SAG", "road_no": null, "rrd_ul": null, "rrd_r": null, "suburb": null }, "geometry": { "type": "Point", "coordinates": [ 138.553026355000043, -34.939047803999983 ] } },
{ "type": "Feature", "properties": { "site_type": "PC", "site_no": "035", "site_desc": "Marion Road \/23m S of Everly Road, Marion", "resp": "SAG", "road_no": null, "rrd_ul": null, "rrd_r": null, "suburb": null }, "geometry": { "type": "Point", "coordinates": [ 138.557351385000061, -34.998863472999972 ] } },
{ "type": "Feature", "properties": { "site_type": "PC", "site_no": "357", "site_desc": "Daws road \/ Railway Tce, Ascot Park", "resp": "SAG", "road_no": null, "rrd_ul": null, "rrd_r": null, "suburb": null }, "geometry": { "type": "Point", "coordinates": [ 138.558309802000053, -34.993574791999947 ] } },
{ "type": "Feature", "properties": { "site_type": "PC", "site_no": "326", "site_desc": "Marion Rd\/26m S of Torrens St, Brooklyn Park", "resp": "SAG", "road_no": null, "rrd_ul": null, "rrd_r": null, "suburb": null }, "geometry": { "type": "Point", "coordinates": [ 138.552311124000084, -34.929349652999974 ] } },
{ "type": "Feature", "properties": { "site_type": "PC", "site_no": "237", "site_desc": "Marion Road \/78m N of Hawson Avenue, North Plympton", "resp": "SAG", "road_no": null, "rrd_ul": null, "rrd_r": null, "suburb": null }, "geometry": { "type": "Point", "coordinates": [ 138.554140905000054, -34.955851034999966 ] } },
{ "type": "Feature", "properties": { "site_type": "PC", "site_no": "123", "site_desc": "Marion Road \/8m N of Lydia Street, Plympton", "resp": "SAG", "road_no": null, "rrd_ul": null, "rrd_r": null, "suburb": null }, "geometry": { "type": "Point", "coordinates": [ 138.554660459000047, -34.961509641999953 ] } },
{ "type": "Feature", "properties": { "site_type": "PC", "site_no": "027", "site_desc": "Marion Road \/37m S of Wheaton Street, South Plympton", "resp": "SAG", "road_no": null, "rrd_ul": null, "rrd_r": null, "suburb": null }, "geometry": { "type": "Point", "coordinates": [ 138.555313401000035, -34.972343947999946 ] } },
{ "type": "Feature", "properties": { "site_type": "PC", "site_no": "008", "site_desc": "Marion Road \/37m N of Duncan Avenue, Ascot Park", "resp": "SAG", "road_no": null, "rrd_ul": null, "rrd_r": null, "suburb": null }, "geometry": { "type": "Point", "coordinates": [ 138.556857419000039, -34.990887928999939 ] } },
{ "type": "Feature", "properties": { "site_type": "PC", "site_no": "063", "site_desc": "Marion Road \/83m S of Peter Street, Marion", "resp": "SAG", "road_no": null, "rrd_ul": null, "rrd_r": null, "suburb": null }, "geometry": { "type": "Point", "coordinates": [ 138.557840340000098, -35.005253702999937 ] } },
{ "type": "Feature", "properties": { "site_type": "PC", "site_no": "356", "site_desc": "Marion Road North of Chamber St, Park Holme", "resp": "SAG", "road_no": null, "rrd_ul": null, "rrd_r": null, "suburb": null }, "geometry": { "type": "Point", "coordinates": [ 138.556993754000018, -34.99497983599997 ] } },
{ "type": "Feature", "properties": { "site_type": "PC", "site_no": "160", "site_desc": "Fredrick Road\/100m S of Glenburnie Street, Seaton", "resp": "SAG", "road_no": null, "rrd_ul": null, "rrd_r": null, "suburb": null }, "geometry": { "type": "Point", "coordinates": [ 138.504055695000034, -34.885855272999947 ] } },
{ "type": "Feature", "properties": { "site_type": "PC", "site_no": "216", "site_desc": "Findon Road \/52m S of Reserve Parade, Woodville South", "resp": "SAG", "road_no": null, "rrd_ul": null, "rrd_r": null, "suburb": null }, "geometry": { "type": "Point", "coordinates": [ 138.531613932000027, -34.892825597999945 ] } },
{ "type": "Feature", "properties": { "site_type": "PC", "site_no": "047", "site_desc": "Gorge Road \/95m E of Jan Street, Paradise", "resp": "SAG", "road_no": null, "rrd_ul": null, "rrd_r": null, "suburb": null }, "geometry": { "type": "Point", "coordinates": [ 138.674384821000103, -34.87623909499996 ] } },
{ "type": "Feature", "properties": { "site_type": "PC", "site_no": "008", "site_desc": "Marion Road \/37m N of Duncan Avenue, Ascot Park", "resp": "SAG", "road_no": null, "rrd_ul": null, "rrd_r": null, "suburb": null }, "geometry": { "type": "Point", "coordinates": [ 138.556746576000023, -34.990893298999936 ] } },
{ "type": "Feature", "properties": { "site_type": "PC", "site_no": "172", "site_desc": "Montacute Road \/8m E of Piccadilly Cresent, Hectorville", "resp": "SAG", "road_no": null, "rrd_ul": null, "rrd_r": null, "suburb": null }, "geometry": { "type": "Point", "coordinates": [ 138.659140706000017, -34.889395340999954 ] } },
{ "type": "Feature", "properties": { "site_type": "PC", "site_no": "075", "site_desc": "Brighton Road \/33m N of Barwell Avenue, Seacliff", "resp": "SAG", "road_no": null, "rrd_ul": null, "rrd_r": null, "suburb": null }, "geometry": { "type": "Point", "coordinates": [ 138.524518864000015, -35.036699811999938 ] } },
{ "type": "Feature", "properties": { "site_type": "PC", "site_no": "167", "site_desc": "Brighton Road \/27m S of Gregory Street, Brighton", "resp": "SAG", "road_no": null, "rrd_ul": null, "rrd_r": null, "suburb": null }, "geometry": { "type": "Point", "coordinates": [ 138.523322840000105, -35.021305476999942 ] } },
{ "type": "Feature", "properties": { "site_type": "PC", "site_no": "058", "site_desc": "Brighton Road \/24m S of Elgar Road, Somerton Park", "resp": "SAG", "road_no": null, "rrd_ul": null, "rrd_r": null, "suburb": null }, "geometry": { "type": "Point", "coordinates": [ 138.521324631000084, -34.99469636699996 ] } },
{ "type": "Feature", "properties": { "site_type": "PC", "site_no": "033", "site_desc": "Brighton Road\/70m N of Balmoral Avenue, North Brighton", "resp": "SAG", "road_no": null, "rrd_ul": null, "rrd_r": null, "suburb": null }, "geometry": { "type": "Point", "coordinates": [ 138.521983078000062, -35.003493175999949 ] } },
{ "type": "Feature", "properties": { "site_type": "PC", "site_no": "367", "site_desc": "Brighton Rd - Approx. 18m S of Cecelia St", "resp": "SAG", "road_no": null, "rrd_ul": null, "rrd_r": null, "suburb": null }, "geometry": { "type": "Point", "coordinates": [ 138.522240174000103, -35.008363482999982 ] } },
{ "type": "Feature", "properties": { "site_type": "PC", "site_no": "059", "site_desc": "Burbridge Rd\/35m E of Davis St, West Beach", "resp": "SAG", "road_no": null, "rrd_ul": null, "rrd_r": null, "suburb": null }, "geometry": { "type": "Point", "coordinates": [ 138.509750995000104, -34.935514732999934 ] } },
{ "type": "Feature", "properties": { "site_type": "PC", "site_no": "143", "site_desc": "Grand Junction Road \/18m E of Stirling Street, Northfield", "resp": "SAG", "road_no": null, "rrd_ul": null, "rrd_r": null, "suburb": null }, "geometry": { "type": "Point", "coordinates": [ 138.622947567000097, -34.847398968999983 ] } },
{ "type": "Feature", "properties": { "site_type": "PC", "site_no": "092", "site_desc": "Portrush Road \/32m N of Talbot Grove, Marryatville", "resp": "SAG", "road_no": null, "rrd_ul": null, "rrd_r": null, "suburb": null }, "geometry": { "type": "Point", "coordinates": [ 138.641603845000077, -34.928575603999946 ] } },
{ "type": "Feature", "properties": { "site_type": "PC", "site_no": "016", "site_desc": "South Road \/29m S of Bennett Street, Thebarton", "resp": "SAG", "road_no": null, "rrd_ul": null, "rrd_r": null, "suburb": null }, "geometry": { "type": "Point", "coordinates": [ 138.566718901000058, -34.916214713999977 ] } },
{ "type": "Feature", "properties": { "site_type": "PC", "site_no": "056", "site_desc": "Diagonal Road \/16m SE of Keynes Avenue, Warradale", "resp": "SAG", "road_no": null, "rrd_ul": null, "rrd_r": null, "suburb": null }, "geometry": { "type": "Point", "coordinates": [ 138.535372941000105, -35.003511377999985 ] } },
{ "type": "Feature", "properties": { "site_type": "PC", "site_no": "052", "site_desc": "Oaklands Road\/160m SW of Marion Road, Park Holme", "resp": "SAG", "road_no": null, "rrd_ul": null, "rrd_r": null, "suburb": null }, "geometry": { "type": "Point", "coordinates": [ 138.555379918000085, -34.99410955299993 ] } },
{ "type": "Feature", "properties": { "site_type": "PC", "site_no": "094", "site_desc": "Portrush Road \/ Stafford Grove, Heathpool", "resp": "SAG", "road_no": null, "rrd_ul": null, "rrd_r": null, "suburb": null }, "geometry": { "type": "Point", "coordinates": [ 138.64168857300001, -34.93061647299993 ] } },
{ "type": "Feature", "properties": { "site_type": "PC", "site_no": "356", "site_desc": "Marion Road North of Chamber St, Park Holme", "resp": "SAG", "road_no": null, "rrd_ul": null, "rrd_r": null, "suburb": null }, "geometry": { "type": "Point", "coordinates": [ 138.557156027000019, -34.994973387999948 ] } },
{ "type": "Feature", "properties": { "site_type": "PC", "site_no": "191", "site_desc": "The Parade\/100m E of Edward Street, Norwood", "resp": "SAG", "road_no": null, "rrd_ul": null, "rrd_r": null, "suburb": null }, "geometry": { "type": "Point", "coordinates": [ 138.635263099000099, -34.921145076999949 ] } },
{ "type": "Feature", "properties": { "site_type": "PC", "site_no": "069", "site_desc": "North East Road \/38m SW of Windsor Grove, Windsor Gardens", "resp": "SAG", "road_no": null, "rrd_ul": null, "rrd_r": null, "suburb": null }, "geometry": { "type": "Point", "coordinates": [ 138.641461046000018, -34.867853969999942 ] } },
{ "type": "Feature", "properties": { "site_type": "PC", "site_no": "347", "site_desc": "Churchill Rd RN 05633 Near Gladston Rd, Prospect", "resp": "SAG", "road_no": null, "rrd_ul": null, "rrd_r": null, "suburb": null }, "geometry": { "type": "Point", "coordinates": [ 138.584810730000072, -34.884596655999928 ] } },
{ "type": "Feature", "properties": { "site_type": "PC", "site_no": "290", "site_desc": "Hampstead Road\/20m S of Main Parade, Clearview", "resp": "SAG", "road_no": null, "rrd_ul": null, "rrd_r": null, "suburb": null }, "geometry": { "type": "Point", "coordinates": [ 138.617602888000079, -34.852036669999961 ] } },
{ "type": "Feature", "properties": { "site_type": "PC", "site_no": "023", "site_desc": "Torrens Road\/70m SE of Wattle Street, Brompton", "resp": "SAG", "road_no": null, "rrd_ul": null, "rrd_r": null, "suburb": null }, "geometry": { "type": "Point", "coordinates": [ 138.580475724000053, -34.89461369199995 ] } },
{ "type": "Feature", "properties": { "site_type": "PC", "site_no": "077", "site_desc": "Hampstead Road \/35m N of Windsor Avenue, Clearview", "resp": "SAG", "road_no": null, "rrd_ul": null, "rrd_r": null, "suburb": null }, "geometry": { "type": "Point", "coordinates": [ 138.618594551000115, -34.863958314999934 ] } },
{ "type": "Feature", "properties": { "site_type": "PC", "site_no": "077", "site_desc": "Hampstead Road \/35m N of Windsor Avenue, Clearview", "resp": "SAG", "road_no": null, "rrd_ul": null, "rrd_r": null, "suburb": null }, "geometry": { "type": "Point", "coordinates": [ 138.618511796000121, -34.863958396999976 ] } },
{ "type": "Feature", "properties": { "site_type": "PC", "site_no": "023", "site_desc": "Torrens Road\/70m SE of Wattle Street, Brompton", "resp": "SAG", "road_no": null, "rrd_ul": null, "rrd_r": null, "suburb": null }, "geometry": { "type": "Point", "coordinates": [ 138.580429923000111, -34.894666997999934 ] } },
{ "type": "Feature", "properties": { "site_type": "PC", "site_no": "153", "site_desc": "Hampstead Road \/11m S of Conrad Street, Northfield", "resp": "SAG", "road_no": null, "rrd_ul": null, "rrd_r": null, "suburb": null }, "geometry": { "type": "Point", "coordinates": [ 138.617371684000091, -34.849635841999941 ] } },
{ "type": "Feature", "properties": { "site_type": "PC", "site_no": "153", "site_desc": "Hampstead Road \/11m S of Conrad Street, Northfield", "resp": "SAG", "road_no": null, "rrd_ul": null, "rrd_r": null, "suburb": null }, "geometry": { "type": "Point", "coordinates": [ 138.617471212000055, -34.849634293999941 ] } },
{ "type": "Feature", "properties": { "site_type": "PC", "site_no": "217", "site_desc": "Sturt Road \/55m W of Glamis Avenue, Marion", "resp": "SAG", "road_no": null, "rrd_ul": null, "rrd_r": null, "suburb": null }, "geometry": { "type": "Point", "coordinates": [ 138.545899641000119, -35.017827503999968 ] } },
{ "type": "Feature", "properties": { "site_type": "PC", "site_no": "013", "site_desc": "Shepherds Hill Rd\/50m W of Eden Ave, Bellevue Heights", "resp": "SAG", "road_no": null, "rrd_ul": null, "rrd_r": null, "suburb": null }, "geometry": { "type": "Point", "coordinates": [ 138.589685924000037, -35.027618315999973 ] } },
{ "type": "Feature", "properties": { "site_type": "PC", "site_no": "154", "site_desc": "Sturt Road \/14m W of Grandview Grove, Sturt", "resp": "SAG", "road_no": null, "rrd_ul": null, "rrd_r": null, "suburb": null }, "geometry": { "type": "Point", "coordinates": [ 138.554982473000109, -35.017382733999966 ] } },
{ "type": "Feature", "properties": { "site_type": "PC", "site_no": "258", "site_desc": "Woodville Road \/250m NE of Findon Road, Woodville South", "resp": "SAG", "road_no": null, "rrd_ul": null, "rrd_r": null, "suburb": null }, "geometry": { "type": "Point", "coordinates": [ 138.532775817000015, -34.883568259999947 ] } },
{ "type": "Feature", "properties": { "site_type": "PC", "site_no": "018", "site_desc": "Woodville Road \/31m SW of Simpson Street, Woodville South", "resp": "SAG", "road_no": null, "rrd_ul": null, "rrd_r": null, "suburb": null }, "geometry": { "type": "Point", "coordinates": [ 138.533629927000106, -34.882658637999953 ] } },
{ "type": "Feature", "properties": { "site_type": "PC", "site_no": "258", "site_desc": "Woodville Road \/250m NE of Findon Road, Woodville South", "resp": "SAG", "road_no": null, "rrd_ul": null, "rrd_r": null, "suburb": null }, "geometry": { "type": "Point", "coordinates": [ 138.532848309000087, -34.883601583999962 ] } },
{ "type": "Feature", "properties": { "site_type": "PC", "site_no": "303", "site_desc": "Woodville Road \/near Norman Street, Woodville", "resp": "SAG", "road_no": null, "rrd_ul": null, "rrd_r": null, "suburb": null }, "geometry": { "type": "Point", "coordinates": [ 138.537394496000047, -34.87839896 ] } },
{ "type": "Feature", "properties": { "site_type": "PC", "site_no": "303", "site_desc": "Woodville Road \/near Norman Street, Woodville", "resp": "SAG", "road_no": null, "rrd_ul": null, "rrd_r": null, "suburb": null }, "geometry": { "type": "Point", "coordinates": [ 138.537464321000016, -34.878434412999979 ] } },
{ "type": "Feature", "properties": { "site_type": "PC", "site_no": "311", "site_desc": "South Rd\/40m S of Price St, Melrose Park", "resp": "SAG", "road_no": null, "rrd_ul": null, "rrd_r": null, "suburb": null }, "geometry": { "type": "Point", "coordinates": [ 138.574001628000019, -34.980924151999943 ] } },
{ "type": "Feature", "properties": { "site_type": "PC", "site_no": "090", "site_desc": "Penfold Road\/50m N of Adelaide Street, Magill", "resp": "SAG", "road_no": null, "rrd_ul": null, "rrd_r": null, "suburb": null }, "geometry": { "type": "Point", "coordinates": [ 138.676128289000076, -34.914173093999977 ] } },
{ "type": "Feature", "properties": { "site_type": "PC", "site_no": "070", "site_desc": "Torrens Road \/24m NW of Copley Street, Kilkenny", "resp": "SAG", "road_no": null, "rrd_ul": null, "rrd_r": null, "suburb": null }, "geometry": { "type": "Point", "coordinates": [ 138.553962652000109, -34.878643968999938 ] } },
{ "type": "Feature", "properties": { "site_type": "PC", "site_no": "3155", "site_desc": "Sturt St near Arthur St, Adelaide", "resp": "LGA", "road_no": null, "rrd_ul": null, "rrd_r": null, "suburb": null }, "geometry": { "type": "Point", "coordinates": [ 138.590286743000092, -34.933419895999975 ] } },
{ "type": "Feature", "properties": { "site_type": "PC", "site_no": "195", "site_desc": "South Rd\/23m N of Walsh Ave, St Marys", "resp": "SAG", "road_no": null, "rrd_ul": null, "rrd_r": null, "suburb": null }, "geometry": { "type": "Point", "coordinates": [ 138.575566340000023, -35.003085496999972 ] } },
{ "type": "Feature", "properties": { "site_type": "PC", "site_no": "028", "site_desc": "South Road \/42m S of Southern Avenue, St Marys", "resp": "SAG", "road_no": null, "rrd_ul": null, "rrd_r": null, "suburb": null }, "geometry": { "type": "Point", "coordinates": [ 138.575089015000117, -34.995267612999953 ] } },
{ "type": "Feature", "properties": { "site_type": "PC", "site_no": "014", "site_desc": "South Road \/23m N of Albert Street, Clarence Gardens", "resp": "SAG", "road_no": null, "rrd_ul": null, "rrd_r": null, "suburb": null }, "geometry": { "type": "Point", "coordinates": [ 138.573544568000102, -34.974548933999984 ] } },
{ "type": "Feature", "properties": { "site_type": "PC", "site_no": "126", "site_desc": "Beach Road \/87m W of Hunt Crescent, Christies Beach", "resp": "LGA", "road_no": null, "rrd_ul": null, "rrd_r": null, "suburb": null }, "geometry": { "type": "Point", "coordinates": [ 138.478474920000053, -35.139047499999947 ] } },
{ "type": "Feature", "properties": { "site_type": "PC", "site_no": "078", "site_desc": "St Bernards Road \/10m N of Morialta Road, Magill", "resp": "SAG", "road_no": null, "rrd_ul": null, "rrd_r": null, "suburb": null }, "geometry": { "type": "Point", "coordinates": [ 138.675116728000035, -34.900581618999979 ] } },
{ "type": "Feature", "properties": { "site_type": "PC", "site_no": "226", "site_desc": "West Lakes Boulevard \/52m SW of Glyde Street, Albert Park", "resp": "SAG", "road_no": null, "rrd_ul": null, "rrd_r": null, "suburb": null }, "geometry": { "type": "Point", "coordinates": [ 138.522428158000025, -34.882009574999984 ] } },
{ "type": "Feature", "properties": { "site_type": "PC", "site_no": "001", "site_desc": "St Bernards Rd\/70m S of Edward St, Magill", "resp": "SAG", "road_no": null, "rrd_ul": null, "rrd_r": null, "suburb": null }, "geometry": { "type": "Point", "coordinates": [ 138.675812314000041, -34.909932396999977 ] } },
{ "type": "Feature", "properties": { "site_type": "PC", "site_no": "265", "site_desc": "Gorge Road \/21m SW of Fox Avenue, Athelstone", "resp": "SAG", "road_no": null, "rrd_ul": null, "rrd_r": null, "suburb": null }, "geometry": { "type": "Point", "coordinates": [ 138.701490143000115, -34.870504425999968 ] } },
{ "type": "Feature", "properties": { "site_type": "PC", "site_no": "037", "site_desc": "Holbrooks Road \/10m N of Garden Terrace, Underdale", "resp": "SAG", "road_no": null, "rrd_ul": null, "rrd_r": null, "suburb": null }, "geometry": { "type": "Point", "coordinates": [ 138.548634474000096, -34.919917273999943 ] } },
{ "type": "Feature", "properties": { "site_type": "PC", "site_no": "180", "site_desc": "Cross Road \/10m W of West Terrace, Highgate", "resp": "SAG", "road_no": null, "rrd_ul": null, "rrd_r": null, "suburb": null }, "geometry": { "type": "Point", "coordinates": [ 138.617395208000062, -34.965044502999945 ] } },
{ "type": "Feature", "properties": { "site_type": "PC", "site_no": "033", "site_desc": "Brighton Road\/70m N of Balmoral Avenue, North Brighton", "resp": "SAG", "road_no": null, "rrd_ul": null, "rrd_r": null, "suburb": null }, "geometry": { "type": "Point", "coordinates": [ 138.52187584100011, -35.003494202999946 ] } },
{ "type": "Feature", "properties": { "site_type": "PC", "site_no": "032", "site_desc": "South Road \/100m S of Hurtle Street, Croydon", "resp": "SAG", "road_no": null, "rrd_ul": null, "rrd_r": null, "suburb": null }, "geometry": { "type": "Point", "coordinates": [ 138.568909928000039, -34.892541108999978 ] } },
{ "type": "Feature", "properties": { "site_type": "PC", "site_no": "136", "site_desc": "Grange Road \/35m E of Hart Street, Kidman Park", "resp": "SAG", "road_no": null, "rrd_ul": null, "rrd_r": null, "suburb": null }, "geometry": { "type": "Point", "coordinates": [ 138.523035461000063, -34.90600219199996 ] } },
{ "type": "Feature", "properties": { "site_type": "PC", "site_no": "021", "site_desc": "Grange Road \/12m W of McDonnell Avenue, West Hindmarsh", "resp": "SAG", "road_no": null, "rrd_ul": null, "rrd_r": null, "suburb": null }, "geometry": { "type": "Point", "coordinates": [ 138.563260565000064, -34.904168041999981 ] } },
{ "type": "Feature", "properties": { "site_type": "PC", "site_no": "308", "site_desc": "Regency Rd\/30m E of King St, Prospect", "resp": "SAG", "road_no": null, "rrd_ul": null, "rrd_r": null, "suburb": null }, "geometry": { "type": "Point", "coordinates": [ 138.586775728000021, -34.874408372999937 ] } },
{ "type": "Feature", "properties": { "site_type": "PC", "site_no": "152", "site_desc": "Churchill Road \/25m N of Goodman Avenue, Blair Athol", "resp": "SAG", "road_no": null, "rrd_ul": null, "rrd_r": null, "suburb": null }, "geometry": { "type": "Point", "coordinates": [ 138.582947576000038, -34.857029581999939 ] } },
{ "type": "Feature", "properties": { "site_type": "PC", "site_no": "069", "site_desc": "North East Road \/38m SW of Windsor Grove, Windsor Gardens", "resp": "SAG", "road_no": null, "rrd_ul": null, "rrd_r": null, "suburb": null }, "geometry": { "type": "Point", "coordinates": [ 138.641531203000113, -34.867910632999951 ] } },
{ "type": "Feature", "properties": { "site_type": "PC", "site_no": "124", "site_desc": "North East Road \/18m SW of Albert Street, Windsor Gardens", "resp": "SAG", "road_no": null, "rrd_ul": null, "rrd_r": null, "suburb": null }, "geometry": { "type": "Point", "coordinates": [ 138.644741784000075, -34.865462400999945 ] } },
{ "type": "Feature", "properties": { "site_type": "PC", "site_no": "107", "site_desc": "North East Road\/110m NE of Pitman Road, Hillcrest", "resp": "SAG", "road_no": null, "rrd_ul": null, "rrd_r": null, "suburb": null }, "geometry": { "type": "Point", "coordinates": [ 138.652430932000016, -34.859614288999978 ] } },
{ "type": "Feature", "properties": { "site_type": "PC", "site_no": "015", "site_desc": "South Road \/27m N of Pleasant Avenue, Glandore", "resp": "SAG", "road_no": null, "rrd_ul": null, "rrd_r": null, "suburb": null }, "geometry": { "type": "Point", "coordinates": [ 138.57244399700005, -34.960934158999976 ] } },
{ "type": "Feature", "properties": { "site_type": "PC", "site_no": "249", "site_desc": "Churchill Road \/38m S of Brunswick Street, Kilburn", "resp": "SAG", "road_no": null, "rrd_ul": null, "rrd_r": null, "suburb": null }, "geometry": { "type": "Point", "coordinates": [ 138.582954235000102, -34.858527786999957 ] } },
{ "type": "Feature", "properties": { "site_type": "PC", "site_no": "152", "site_desc": "Churchill Road \/25m N of Goodman Avenue, Blair Athol", "resp": "SAG", "road_no": null, "rrd_ul": null, "rrd_r": null, "suburb": null }, "geometry": { "type": "Point", "coordinates": [ 138.58285356600004, -34.857033417999958 ] } },
{ "type": "Feature", "properties": { "site_type": "PC", "site_no": "162", "site_desc": "Crittenden Road \/35m NW of Thain Avenue, Findon", "resp": "SAG", "road_no": null, "rrd_ul": null, "rrd_r": null, "suburb": null }, "geometry": { "type": "Point", "coordinates": [ 138.537649657000088, -34.898964929999977 ] } },
{ "type": "Feature", "properties": { "site_type": "PC", "site_no": "162", "site_desc": "Crittenden Road \/35m NW of Thain Avenue, Findon", "resp": "SAG", "road_no": null, "rrd_ul": null, "rrd_r": null, "suburb": null }, "geometry": { "type": "Point", "coordinates": [ 138.537587195000015, -34.899028782999949 ] } },
{ "type": "Feature", "properties": { "site_type": "PC", "site_no": "324", "site_desc": "Regency Rd\/112m E of Humphries Tce, Kilkenny", "resp": "SAG", "road_no": null, "rrd_ul": null, "rrd_r": null, "suburb": null }, "geometry": { "type": "Point", "coordinates": [ 138.555998285000101, -34.87584783099993 ] } },
{ "type": "Feature", "properties": { "site_type": "PC", "site_no": "066", "site_desc": "Sherriffs Road \/21m W of Acre Avenue, Morphett Vale", "resp": "SAG", "road_no": null, "rrd_ul": null, "rrd_r": null, "suburb": null }, "geometry": { "type": "Point", "coordinates": [ 138.516932156000053, -35.10549958799993 ] } },
{ "type": "Feature", "properties": { "site_type": "PC", "site_no": "293", "site_desc": "Adelaide Road \/N of Hill Street, Mount Barker", "resp": "SAG", "road_no": null, "rrd_ul": null, "rrd_r": null, "suburb": null }, "geometry": { "type": "Point", "coordinates": [ 138.8528217920001, -35.06164178299997 ] } },
{ "type": "Feature", "properties": { "site_type": "PC", "site_no": "079", "site_desc": "The Golden Way\/40m NE of Botany Drive, Golden Grove", "resp": "SAG", "road_no": null, "rrd_ul": null, "rrd_r": null, "suburb": null }, "geometry": { "type": "Point", "coordinates": [ 138.706436121000024, -34.784971179999957 ] } },
{ "type": "Feature", "properties": { "site_type": "PC", "site_no": "079", "site_desc": "The Golden Way\/40m NE of Botany Drive, Golden Grove", "resp": "SAG", "road_no": null, "rrd_ul": null, "rrd_r": null, "suburb": null }, "geometry": { "type": "Point", "coordinates": [ 138.706506931000035, -34.785056431999976 ] } },
{ "type": "Feature", "properties": { "site_type": "PC", "site_no": "348", "site_desc": "South Tce \/ Saleyard Rd \/ Woodside Rd,Nairne, Nairne", "resp": "SAG", "road_no": null, "rrd_ul": null, "rrd_r": null, "suburb": null }, "geometry": { "type": "Point", "coordinates": [ 138.903457909000053, -35.036786203999952 ] } },
{ "type": "Feature", "properties": { "site_type": "PC", "site_no": "231", "site_desc": "Smart Road \/110m E of Barlow Crescent, St Agnes", "resp": "LGA", "road_no": null, "rrd_ul": null, "rrd_r": null, "suburb": null }, "geometry": { "type": "Point", "coordinates": [ 138.718303322000111, -34.831796345999976 ] } },
{ "type": "Feature", "properties": { "site_type": "PC", "site_no": "095", "site_desc": "Beach Road\/70m E of David Witton Drive, Christie Downs", "resp": "SAG", "road_no": null, "rrd_ul": null, "rrd_r": null, "suburb": null }, "geometry": { "type": "Point", "coordinates": [ 138.491859893000083, -35.138362613999959 ] } },
{ "type": "Feature", "properties": { "site_type": "PC", "site_no": "125", "site_desc": "Loudon Road\/30m E of Bond Street, Port Augusta", "resp": "SAG", "road_no": null, "rrd_ul": null, "rrd_r": null, "suburb": null }, "geometry": { "type": "Point", "coordinates": [ 137.756288338000104, -32.481663331999982 ] } },
{ "type": "Feature", "properties": { "site_type": "PC", "site_no": "169", "site_desc": "Swanport Road \/30m SE of Homburg Drive, Murray Bridge", "resp": "SAG", "road_no": null, "rrd_ul": null, "rrd_r": null, "suburb": null }, "geometry": { "type": "Point", "coordinates": [ 139.282922629000041, -35.134989723999979 ] } },
{ "type": "Feature", "properties": { "site_type": "PC", "site_no": "277", "site_desc": "Elizabeth Street \/12m N of Milne Road, Banksia Park", "resp": "LGA", "road_no": null, "rrd_ul": null, "rrd_r": null, "suburb": null }, "geometry": { "type": "Point", "coordinates": [ 138.724798252000028, -34.815596309999933 ] } },
{ "type": "Feature", "properties": { "site_type": "PC", "site_no": "3146", "site_desc": "South Terrace \/ Downer Pl, Adelaide", "resp": "LGA", "road_no": null, "rrd_ul": null, "rrd_r": null, "suburb": null }, "geometry": { "type": "Point", "coordinates": [ 138.604809899000088, -34.935450302999982 ] } },
{ "type": "Feature", "properties": { "site_type": "PC", "site_no": "065", "site_desc": "Kensington Road \/23m E of Maesbury Street, Kensington", "resp": "SAG", "road_no": null, "rrd_ul": null, "rrd_r": null, "suburb": null }, "geometry": { "type": "Point", "coordinates": [ 138.645220294000069, -34.926733243999934 ] } },
{ "type": "Feature", "properties": { "site_type": "PC", "site_no": "041", "site_desc": "Magill Road \/3m W of Edward Street, Maylands", "resp": "SAG", "road_no": null, "rrd_ul": null, "rrd_r": null, "suburb": null }, "geometry": { "type": "Point", "coordinates": [ 138.633772278000038, -34.915128643999935 ] } },
{ "type": "Feature", "properties": { "site_type": "PC", "site_no": "009", "site_desc": "Payneham Road \/27m SW of St Peters Street, St Peters", "resp": "SAG", "road_no": null, "rrd_ul": null, "rrd_r": null, "suburb": null }, "geometry": { "type": "Point", "coordinates": [ 138.62656474500011, -34.911071553999932 ] } },
{ "type": "Feature", "properties": { "site_type": "PC", "site_no": "243", "site_desc": "Magill Road \/14m E of Birkinshaw Avenue, Tranmere", "resp": "SAG", "road_no": null, "rrd_ul": null, "rrd_r": null, "suburb": null }, "geometry": { "type": "Point", "coordinates": [ 138.666637298000069, -34.913500810999949 ] } },
{ "type": "Feature", "properties": { "site_type": "PC", "site_no": "003", "site_desc": "Goodwood Road \/19m S of Rosa Street, Goodwood", "resp": "SAG", "road_no": null, "rrd_ul": null, "rrd_r": null, "suburb": null }, "geometry": { "type": "Point", "coordinates": [ 138.589647104000051, -34.951443552999933 ] } },
{ "type": "Feature", "properties": { "site_type": "PC", "site_no": "266", "site_desc": "Tolley Road \/10m N of Saarinen Avenue, St Agnes", "resp": "LGA", "road_no": null, "rrd_ul": null, "rrd_r": null, "suburb": null }, "geometry": { "type": "Point", "coordinates": [ 138.707162870000047, -34.83409698 ] } },
{ "type": "Feature", "properties": { "site_type": "PC", "site_no": "127", "site_desc": "Midway Road \/65m SW of Seaborough Road, Elizabeth Park", "resp": "LGA", "road_no": null, "rrd_ul": null, "rrd_r": null, "suburb": null }, "geometry": { "type": "Point", "coordinates": [ 138.68933328300011, -34.712511500999938 ] } },
{ "type": "Feature", "properties": { "site_type": "PC", "site_no": "030", "site_desc": "Greenhill Road \/107m E of Clark Street, Wayville", "resp": "SAG", "road_no": null, "rrd_ul": null, "rrd_r": null, "suburb": null }, "geometry": { "type": "Point", "coordinates": [ 138.597467091000112, -34.941487153999958 ] } },
{ "type": "Feature", "properties": { "site_type": "PC", "site_no": "215", "site_desc": "Brooker Terrace \/28m N of Kingston Avenue, Richmond", "resp": "LGA", "road_no": null, "rrd_ul": null, "rrd_r": null, "suburb": null }, "geometry": { "type": "Point", "coordinates": [ 138.562054396, -34.93939570799995 ] } },
{ "type": "Feature", "properties": { "site_type": "PC", "site_no": "236", "site_desc": "Chandlers Hill Road \/30m E of Education Road, Happy Valley", "resp": "SAG", "road_no": null, "rrd_ul": null, "rrd_r": null, "suburb": null }, "geometry": { "type": "Point", "coordinates": [ 138.584582572000045, -35.084108556999979 ] } },
{ "type": "Feature", "properties": { "site_type": "PC", "site_no": "208", "site_desc": "King George Avenue \/60m N of Ilfracombe Avenue, Brighton", "resp": "LGA", "road_no": null, "rrd_ul": null, "rrd_r": null, "suburb": null }, "geometry": { "type": "Point", "coordinates": [ 138.51765472000011, -35.004330115999949 ] } },
{ "type": "Feature", "properties": { "site_type": "PC", "site_no": "261", "site_desc": "Beafield Road \/17m NW of Robjoy Avenue, Para Hills West", "resp": "LGA", "road_no": null, "rrd_ul": null, "rrd_r": null, "suburb": null }, "geometry": { "type": "Point", "coordinates": [ 138.650337762000049, -34.800813980999976 ] } },
{ "type": "Feature", "properties": { "site_type": "PC", "site_no": "232", "site_desc": "Kensington Road \/30m E of Shipsters Road, Kensington", "resp": "SAG", "road_no": null, "rrd_ul": null, "rrd_r": null, "suburb": null }, "geometry": { "type": "Point", "coordinates": [ 138.650576063000017, -34.926457875999972 ] } },
{ "type": "Feature", "properties": { "site_type": "PC", "site_no": "214", "site_desc": "Kesters Road \/10m NW of Liberman Road, Para Hills", "resp": "LGA", "road_no": null, "rrd_ul": null, "rrd_r": null, "suburb": null }, "geometry": { "type": "Point", "coordinates": [ 138.653758304000121, -34.809474808999937 ] } },
{ "type": "Feature", "properties": { "site_type": "PC", "site_no": "242", "site_desc": "Morphett Road \/15m S of Folkestone Road, Dovar Gardens", "resp": "SAG", "road_no": null, "rrd_ul": null, "rrd_r": null, "suburb": null }, "geometry": { "type": "Point", "coordinates": [ 138.541526575000034, -35.025314047999984 ] } },
{ "type": "Feature", "properties": { "site_type": "PC", "site_no": "048", "site_desc": "Valetta Road \/8m W of Chatswood Crescent, Kidman Park", "resp": "LGA", "road_no": null, "rrd_ul": null, "rrd_r": null, "suburb": null }, "geometry": { "type": "Point", "coordinates": [ 138.524751545000072, -34.913981412999931 ] } },
{ "type": "Feature", "properties": { "site_type": "PC", "site_no": "247", "site_desc": "Blacks Road \/64m N of Milbank Avenue, Gilles Plains", "resp": "LGA", "road_no": null, "rrd_ul": null, "rrd_r": null, "suburb": null }, "geometry": { "type": "Point", "coordinates": [ 138.653875536000101, -34.853985465999983 ] } },
{ "type": "Feature", "properties": { "site_type": "PC", "site_no": "357", "site_desc": "Daws road \/ Railway Tce, Ascot Park", "resp": "SAG", "road_no": null, "rrd_ul": null, "rrd_r": null, "suburb": null }, "geometry": { "type": "Point", "coordinates": [ 138.558311805000017, -34.993680965999943 ] } },
{ "type": "Feature", "properties": { "site_type": "PC", "site_no": "102", "site_desc": "Murray Street \/4m N of First Street, Nuriootpa", "resp": "SAG", "road_no": null, "rrd_ul": null, "rrd_r": null, "suburb": null }, "geometry": { "type": "Point", "coordinates": [ 138.996672706000027, -34.470800131999965 ] } },
{ "type": "Feature", "properties": { "site_type": "PC", "site_no": "210", "site_desc": "Glynburn Road \/22m S of Young Street, Burnside", "resp": "SAG", "road_no": null, "rrd_ul": null, "rrd_r": null, "suburb": null }, "geometry": { "type": "Point", "coordinates": [ 138.659893369000088, -34.934697203999974 ] } },
{ "type": "Feature", "properties": { "site_type": "PC", "site_no": "253", "site_desc": "Mannum Road\/40m SE of Florence Street, Murray Bridge", "resp": "SAG", "road_no": null, "rrd_ul": null, "rrd_r": null, "suburb": null }, "geometry": { "type": "Point", "coordinates": [ 139.27001141900007, -35.11736835399995 ] } },
{ "type": "Feature", "properties": { "site_type": "PC", "site_no": "287", "site_desc": "East Ave\/97m S of Hubbard St, Allenby Gardens", "resp": "SAG", "road_no": null, "rrd_ul": null, "rrd_r": null, "suburb": null }, "geometry": { "type": "Point", "coordinates": [ 138.551722048000101, -34.899800608999954 ] } },
{ "type": "Feature", "properties": { "site_type": "PC", "site_no": "325", "site_desc": "Commercial St W\/88m W of Gray St, Mount Gambier", "resp": "LGA", "road_no": null, "rrd_ul": null, "rrd_r": null, "suburb": null }, "geometry": { "type": "Point", "coordinates": [ 140.777670544000102, -37.827471299999956 ] } },
{ "type": "Feature", "properties": { "site_type": "PC", "site_no": "213", "site_desc": "John Rice Avenue\/70m W of Osler Street, Elizabeth Vale", "resp": "SAG", "road_no": null, "rrd_ul": null, "rrd_r": null, "suburb": null }, "geometry": { "type": "Point", "coordinates": [ 138.669701928000109, -34.748046995999971 ] } },
{ "type": "Feature", "properties": { "site_type": "PC", "site_no": "262", "site_desc": "Magill Road \/27m E of Toowong Avenue, Kensington Park", "resp": "SAG", "road_no": null, "rrd_ul": null, "rrd_r": null, "suburb": null }, "geometry": { "type": "Point", "coordinates": [ 138.65293869900006, -34.914181006999968 ] } },
{ "type": "Feature", "properties": { "site_type": "PC", "site_no": "100", "site_desc": "Swanport Road \/30m S of Joyce Street, Murray Bridge", "resp": "SAG", "road_no": null, "rrd_ul": null, "rrd_r": null, "suburb": null }, "geometry": { "type": "Point", "coordinates": [ 139.280375649000121, -35.131728380999959 ] } },
{ "type": "Feature", "properties": { "site_type": "PC", "site_no": "181", "site_desc": "North East Road \/25m E of Elizabeth Street, Tea Tree Gully", "resp": "SAG", "road_no": null, "rrd_ul": null, "rrd_r": null, "suburb": null }, "geometry": { "type": "Point", "coordinates": [ 138.725511780000033, -34.820734762999962 ] } },
{ "type": "Feature", "properties": { "site_type": "PC", "site_no": "337", "site_desc": "Military Rd\/S of Inkster Ave, Taperoo", "resp": "LGA", "road_no": null, "rrd_ul": null, "rrd_r": null, "suburb": null }, "geometry": { "type": "Point", "coordinates": [ 138.496623104000037, -34.80380946899993 ] } },
{ "type": "Feature", "properties": { "site_type": "WX", "site_no": "019", "site_desc": "Collins St \/ Friar St \/ Everslie Av", "resp": "LGA", "road_no": null, "rrd_ul": null, "rrd_r": null, "suburb": null }, "geometry": { "type": "Point", "coordinates": [ 138.606603690000043, -34.867633028999933 ] } },
{ "type": "Feature", "properties": { "site_type": "PC", "site_no": "276", "site_desc": "Main Street\/16m N of Moffet Street, Woodside", "resp": "SAG", "road_no": null, "rrd_ul": null, "rrd_r": null, "suburb": null }, "geometry": { "type": "Point", "coordinates": [ 138.875640133000047, -34.951815993999958 ] } },
{ "type": "Feature", "properties": { "site_type": "PC", "site_no": "404", "site_desc": "Angle Vale Rd \/ East of Stevens Drv", "resp": "SAG", "road_no": null, "rrd_ul": null, "rrd_r": null, "suburb": null }, "geometry": { "type": "Point", "coordinates": [ 138.655999560000055, -34.639369922999947 ] } },
{ "type": "Feature", "properties": { "site_type": "PC", "site_no": "085", "site_desc": "Cockburn Rd\/100m W of King Edward Tce, Jamestown", "resp": "SAG", "road_no": null, "rrd_ul": null, "rrd_r": null, "suburb": null }, "geometry": { "type": "Point", "coordinates": [ 138.609199562000072, -33.205698133999931 ] } },
{ "type": "Feature", "properties": { "site_type": "PC", "site_no": "111", "site_desc": "Northcote Terrace \/15m N of Edwin Terrace, Medindie", "resp": "SAG", "road_no": null, "rrd_ul": null, "rrd_r": null, "suburb": null }, "geometry": { "type": "Point", "coordinates": [ 138.60928844700004, -34.897766009999941 ] } },
{ "type": "Feature", "properties": { "site_type": "PC", "site_no": "280", "site_desc": "New Honeypot Road \/65m E of Goldsmith Drive, Noarlunga Downs", "resp": "LGA", "road_no": null, "rrd_ul": null, "rrd_r": null, "suburb": null }, "geometry": { "type": "Point", "coordinates": [ 138.499771845000055, -35.145662947999938 ] } },
{ "type": "Feature", "properties": { "site_type": "PC", "site_no": "193", "site_desc": "McIntyre Road \/6m NW of Booloo Street, Para Hills West", "resp": "SAG", "road_no": null, "rrd_ul": null, "rrd_r": null, "suburb": null }, "geometry": { "type": "Point", "coordinates": [ 138.652845323000065, -34.795269743999938 ] } },
{ "type": "Feature", "properties": { "site_type": "PC", "site_no": "193", "site_desc": "McIntyre Road \/6m NW of Booloo Street, Para Hills West", "resp": "SAG", "road_no": null, "rrd_ul": null, "rrd_r": null, "suburb": null }, "geometry": { "type": "Point", "coordinates": [ 138.65284065700007, -34.795389014999955 ] } },
{ "type": "Feature", "properties": { "site_type": "PC", "site_no": "064", "site_desc": "Trimmer Parade \/29m E of Foot Avenue, Seaton", "resp": "SAG", "road_no": null, "rrd_ul": null, "rrd_r": null, "suburb": null }, "geometry": { "type": "Point", "coordinates": [ 138.520606550000025, -34.891539266999985 ] } },
{ "type": "Feature", "properties": { "site_type": "PC", "site_no": "405", "site_desc": "Greenhill Rd \/ Beaumont Rd", "resp": "SAG", "road_no": null, "rrd_ul": null, "rrd_r": null, "suburb": null }, "geometry": { "type": "Point", "coordinates": [ 138.620695529000045, -34.940143212999942 ] } },
{ "type": "Feature", "properties": { "site_type": "PC", "site_no": "295", "site_desc": "Main Street\/200m N of Arthur Street, Mount Compass", "resp": "SAG", "road_no": null, "rrd_ul": null, "rrd_r": null, "suburb": null }, "geometry": { "type": "Point", "coordinates": [ 138.621401520000063, -35.349485213999969 ] } },
{ "type": "Feature", "properties": { "site_type": "PC", "site_no": "297", "site_desc": "Commercial St West\/70m E of Gray St, Mount Gambier", "resp": "LGA", "road_no": null, "rrd_ul": null, "rrd_r": null, "suburb": null }, "geometry": { "type": "Point", "coordinates": [ 140.779338377000045, -37.828002814999934 ] } },
{ "type": "Feature", "properties": { "site_type": "PC", "site_no": "408", "site_desc": "Andrew Smith Drv \/ near Buckland St", "resp": "LGA", "road_no": null, "rrd_ul": null, "rrd_r": null, "suburb": null }, "geometry": { "type": "Point", "coordinates": [ 138.607073743000115, -34.772367258999964 ] } },
{ "type": "Feature", "properties": { "site_type": "PC", "site_no": "014", "site_desc": "South Road \/23m N of Albert Street, Clarence Gardens", "resp": "SAG", "road_no": null, "rrd_ul": null, "rrd_r": null, "suburb": null }, "geometry": { "type": "Point", "coordinates": [ 138.573437965000039, -34.974548758999958 ] } },
{ "type": "Feature", "properties": { "site_type": "PC", "site_no": "379", "site_desc": "Cycle crossing - Cross rds \/ Rugby St", "resp": "SAG", "road_no": null, "rrd_ul": null, "rrd_r": null, "suburb": null }, "geometry": { "type": "Point", "coordinates": [ 138.610756413000104, -34.965396159999955 ] } },
{ "type": "Feature", "properties": { "site_type": "PC", "site_no": "002", "site_desc": "Daws Road \/13m W of Percy Avenue, Mitchell Park", "resp": "SAG", "road_no": null, "rrd_ul": null, "rrd_r": null, "suburb": null }, "geometry": { "type": "Point", "coordinates": [ 138.565606794000018, -34.993241980999983 ] } },
{ "type": "Feature", "properties": { "site_type": "PC", "site_no": "150", "site_desc": "Pick Avenue\/70m N of Boandik Terrace, Mount Gambier", "resp": "SAG", "road_no": null, "rrd_ul": null, "rrd_r": null, "suburb": null }, "geometry": { "type": "Point", "coordinates": [ 140.795818997000083, -37.840874609999958 ] } },
{ "type": "Feature", "properties": { "site_type": "PC", "site_no": "006", "site_desc": "Main North Road \/42m S of Barker Road, Prospect", "resp": "SAG", "road_no": null, "rrd_ul": null, "rrd_r": null, "suburb": null }, "geometry": { "type": "Point", "coordinates": [ 138.602665037000065, -34.882610715999931 ] } },
{ "type": "Feature", "properties": { "site_type": "PC", "site_no": "423", "site_desc": "Findon Rd South of Dillon Av", "resp": "SAG", "road_no": null, "rrd_ul": null, "rrd_r": null, "suburb": null }, "geometry": { "type": "Point", "coordinates": [ 138.533305544000086, -34.909211315999983 ] } },
{ "type": "Feature", "properties": { "site_type": "PC", "site_no": "007", "site_desc": "Main North Road \/5m S of Kintore Avenue, Prospect", "resp": "SAG", "road_no": null, "rrd_ul": null, "rrd_r": null, "suburb": null }, "geometry": { "type": "Point", "coordinates": [ 138.60297717900005, -34.886990590999972 ] } },
{ "type": "Feature", "properties": { "site_type": "PC", "site_no": "139", "site_desc": "Hanson Road \/Near Gateshead Street, Athol Park", "resp": "SAG", "road_no": null, "rrd_ul": null, "rrd_r": null, "suburb": null }, "geometry": { "type": "Point", "coordinates": [ 138.547031752000066, -34.856096957999966 ] } },
{ "type": "Feature", "properties": { "site_type": "PC", "site_no": "333", "site_desc": "Main North Road near Audrey Avenue, Blair Athol", "resp": "SAG", "road_no": null, "rrd_ul": null, "rrd_r": null, "suburb": null }, "geometry": { "type": "Point", "coordinates": [ 138.601104335000059, -34.862092347999976 ] } },
{ "type": "Feature", "properties": { "site_type": "PC", "site_no": "421", "site_desc": "University Dr in Flinders University approx 200m south west of Sturt Dr", "resp": "LGA", "road_no": null, "rrd_ul": null, "rrd_r": null, "suburb": null }, "geometry": { "type": "Point", "coordinates": [ 138.571654249000062, -35.020131406999951 ] } },
{ "type": "Feature", "properties": { "site_type": "PC", "site_no": "418", "site_desc": "Amsterdam Crs - Thomas More College", "resp": "LGA", "road_no": null, "rrd_ul": null, "rrd_r": null, "suburb": null }, "geometry": { "type": "Point", "coordinates": [ 138.631768457000021, -34.778699091999954 ] } },
{ "type": "Feature", "properties": { "site_type": "PC", "site_no": "422", "site_desc": "Woodford Rd - Playford College", "resp": "LGA", "road_no": null, "rrd_ul": null, "rrd_r": null, "suburb": null }, "geometry": { "type": "Point", "coordinates": [ 138.672531240000012, -34.710026480999943 ] } },
{ "type": "Feature", "properties": { "site_type": "SC", "site_no": "446", "site_desc": "Brunel Drive - The Heights School", "resp": "LGA", "road_no": null, "rrd_ul": null, "rrd_r": null, "suburb": null }, "geometry": { "type": "Point", "coordinates": [ 138.682129513000064, -34.810325795999972 ] } },
{ "type": "Feature", "properties": { "site_type": "PC", "site_no": "135", "site_desc": "Main North Road \/8m N of Burton Street, Clare", "resp": "SAG", "road_no": null, "rrd_ul": null, "rrd_r": null, "suburb": null }, "geometry": { "type": "Point", "coordinates": [ 138.611495919000049, -33.833091016999958 ] } },
{ "type": "Feature", "properties": { "site_type": "PC", "site_no": "097", "site_desc": "Barramundi Drive \/near Quailo Avenue, Hallett Cove", "resp": "LGA", "road_no": null, "rrd_ul": null, "rrd_r": null, "suburb": null }, "geometry": { "type": "Point", "coordinates": [ 138.518353579000063, -35.06792171799998 ] } },
{ "type": "Feature", "properties": { "site_type": "PC", "site_no": "328", "site_desc": "Shannon St\/35m W of Pflaum St, Birdwood", "resp": "SAG", "road_no": null, "rrd_ul": null, "rrd_r": null, "suburb": null }, "geometry": { "type": "Point", "coordinates": [ 138.960374594000086, -34.819283505999977 ] } },
{ "type": "Feature", "properties": { "site_type": "PC", "site_no": "252", "site_desc": "Northbri Avenue \/115m SW of Melville Road, Salisbury East", "resp": "LGA", "road_no": null, "rrd_ul": null, "rrd_r": null, "suburb": null }, "geometry": { "type": "Point", "coordinates": [ 138.654259817000025, -34.791041921999977 ] } },
{ "type": "Feature", "properties": { "site_type": "PC", "site_no": "298", "site_desc": "Quailo Avenue \/near Forresters Road, Hallett Cove", "resp": "LGA", "road_no": null, "rrd_ul": null, "rrd_r": null, "suburb": null }, "geometry": { "type": "Point", "coordinates": [ 138.518565951000028, -35.070450979999976 ] } },
{ "type": "Feature", "properties": { "site_type": "PC", "site_no": "288", "site_desc": "Gretel Crescent \/near Taeping Street, Hallett Cove", "resp": "LGA", "road_no": null, "rrd_ul": null, "rrd_r": null, "suburb": null }, "geometry": { "type": "Point", "coordinates": [ 138.505252564000102, -35.083001022999952 ] } },
{ "type": "Feature", "properties": { "site_type": "PC", "site_no": "110", "site_desc": "Findon Road \/15m N Angley Avenue, Findon", "resp": "SAG", "road_no": null, "rrd_ul": null, "rrd_r": null, "suburb": null }, "geometry": { "type": "Point", "coordinates": [ 138.532173571000044, -34.899920705999932 ] } },
{ "type": "Feature", "properties": { "site_type": "PC", "site_no": "067", "site_desc": "Goodwood Road\/20m N of Francis Street, Kings Park", "resp": "SAG", "road_no": null, "rrd_ul": null, "rrd_r": null, "suburb": null }, "geometry": { "type": "Point", "coordinates": [ 138.59049114700008, -34.962460122999971 ] } },
{ "type": "Feature", "properties": { "site_type": "PC", "site_no": "250", "site_desc": "Ladywood Road \/30m N of Brunel Drive, Modbury Heights", "resp": "LGA", "road_no": null, "rrd_ul": null, "rrd_r": null, "suburb": null }, "geometry": { "type": "Point", "coordinates": [ 138.686175451000054, -34.809822255999961 ] } },
{ "type": "Feature", "properties": { "site_type": "PC", "site_no": "068", "site_desc": "Shepherds Hill Road \/33m E of Gladstone Road, Blackwood", "resp": "SAG", "road_no": null, "rrd_ul": null, "rrd_r": null, "suburb": null }, "geometry": { "type": "Point", "coordinates": [ 138.615792548000059, -35.021287054999959 ] } },
{ "type": "Feature", "properties": { "site_type": "PC", "site_no": "020", "site_desc": "Morphett Road \/7m S of Claines Avenue, Morphettville", "resp": "SAG", "road_no": null, "rrd_ul": null, "rrd_r": null, "suburb": null }, "geometry": { "type": "Point", "coordinates": [ 138.538581323000017, -34.986908464999942 ] } },
{ "type": "Feature", "properties": { "site_type": "PC", "site_no": "260", "site_desc": "Mt Barker Road \/80m S of Druids Avenue, Stirling", "resp": "SAG", "road_no": null, "rrd_ul": null, "rrd_r": null, "suburb": null }, "geometry": { "type": "Point", "coordinates": [ 138.716780294000046, -35.005285517999937 ] } },
{ "type": "Feature", "properties": { "site_type": "PC", "site_no": "036", "site_desc": "Smith Street \/15m NW of George Street, Walkerville", "resp": "LGA", "road_no": null, "rrd_ul": null, "rrd_r": null, "suburb": null }, "geometry": { "type": "Point", "coordinates": [ 138.61428434000004, -34.892350155999964 ] } },
{ "type": "Feature", "properties": { "site_type": "PC", "site_no": "326", "site_desc": "Marion Rd\/26m S of Torrens St, Brooklyn Park", "resp": "SAG", "road_no": null, "rrd_ul": null, "rrd_r": null, "suburb": null }, "geometry": { "type": "Point", "coordinates": [ 138.552209899000104, -34.929352954999956 ] } },
{ "type": "Feature", "properties": { "site_type": "PC", "site_no": "228", "site_desc": "Hallett Road \/12m S of Statenborough Street, Stonyfell", "resp": "LGA", "road_no": null, "rrd_ul": null, "rrd_r": null, "suburb": null }, "geometry": { "type": "Point", "coordinates": [ 138.668335914000068, -34.929524790999949 ] } },
{ "type": "Feature", "properties": { "site_type": "PC", "site_no": "3086", "site_desc": "Buxton St near Glenfield Ct, North Adelaide", "resp": "LGA", "road_no": null, "rrd_ul": null, "rrd_r": null, "suburb": null }, "geometry": { "type": "Point", "coordinates": [ 138.588793751000026, -34.906149451999966 ] } },
{ "type": "Feature", "properties": { "site_type": "PC", "site_no": "3014", "site_desc": "North Terrace near Blyth St, Adelaide", "resp": "LGA", "road_no": null, "rrd_ul": null, "rrd_r": null, "suburb": null }, "geometry": { "type": "Point", "coordinates": [ 138.597108354000056, -34.921737083999972 ] } },
{ "type": "Feature", "properties": { "site_type": "PC", "site_no": "3014", "site_desc": "North Terrace near Station Rd, Adelaide", "resp": "LGA", "road_no": null, "rrd_ul": null, "rrd_r": null, "suburb": null }, "geometry": { "type": "Point", "coordinates": [ 138.597671784000113, -34.921711070999947 ] } },
{ "type": "Feature", "properties": { "site_type": "PC", "site_no": "291", "site_desc": "Port Road \/ at Garnet Street, Welland", "resp": "SAG", "road_no": null, "rrd_ul": null, "rrd_r": null, "suburb": null }, "geometry": { "type": "Point", "coordinates": [ 138.557833937000055, -34.896111593999933 ] } },
{ "type": "Feature", "properties": { "site_type": "PC", "site_no": "314", "site_desc": "Wellington Rd\/70m E of Flaxley Rd, Mount Barker", "resp": "SAG", "road_no": null, "rrd_ul": null, "rrd_r": null, "suburb": null }, "geometry": { "type": "Point", "coordinates": [ 138.857924995000076, -35.073512640999979 ] } },
{ "type": "Feature", "properties": { "site_type": "PC", "site_no": "165", "site_desc": "Avenues Road \/near Henry Street, Glynde", "resp": "LGA", "road_no": null, "rrd_ul": null, "rrd_r": null, "suburb": null }, "geometry": { "type": "Point", "coordinates": [ 138.647989961, -34.896137397999951 ] } },
{ "type": "Feature", "properties": { "site_type": "PC", "site_no": "063", "site_desc": "Marion Road \/83m S of Peter Street, Marion", "resp": "SAG", "road_no": null, "rrd_ul": null, "rrd_r": null, "suburb": null }, "geometry": { "type": "Point", "coordinates": [ 138.557943776000116, -35.005241553999952 ] } },
{ "type": "Feature", "properties": { "site_type": "PC", "site_no": "176", "site_desc": "Port Road \/1m NW of Diana Street, Woodville", "resp": "SAG", "road_no": null, "rrd_ul": null, "rrd_r": null, "suburb": null }, "geometry": { "type": "Point", "coordinates": [ 138.532936237000058, -34.878956148999976 ] } },
{ "type": "Feature", "properties": { "site_type": "PC", "site_no": "241", "site_desc": "Commercial Road \/46m NW of John Street, Salisbury", "resp": "SAG", "road_no": null, "rrd_ul": null, "rrd_r": null, "suburb": null }, "geometry": { "type": "Point", "coordinates": [ 138.648925363000103, -34.760746905999952 ] } },
{ "type": "Feature", "properties": { "site_type": "PC", "site_no": "088", "site_desc": "Goodwood Road\/34m N of George Street, Clarence Park", "resp": "SAG", "road_no": null, "rrd_ul": null, "rrd_r": null, "suburb": null }, "geometry": { "type": "Point", "coordinates": [ 138.590667865000114, -34.96479921699995 ] } },
{ "type": "Feature", "properties": { "site_type": "PC", "site_no": "264", "site_desc": "Magill Road \/45m W of Pepper Street, Magill", "resp": "SAG", "road_no": null, "rrd_ul": null, "rrd_r": null, "suburb": null }, "geometry": { "type": "Point", "coordinates": [ 138.674341259000016, -34.913106682999967 ] } },
{ "type": "Feature", "properties": { "site_type": "PC", "site_no": "223", "site_desc": "Kensington Road \/30m E of Hamilton Street, Erindale", "resp": "SAG", "road_no": null, "rrd_ul": null, "rrd_r": null, "suburb": null }, "geometry": { "type": "Point", "coordinates": [ 138.66272333500001, -34.925843571999962 ] } },
{ "type": "Feature", "properties": { "site_type": "PC", "site_no": "249", "site_desc": "Churchill Road \/38m S of Brunswick Street, Kilburn", "resp": "SAG", "road_no": null, "rrd_ul": null, "rrd_r": null, "suburb": null }, "geometry": { "type": "Point", "coordinates": [ 138.583048865000023, -34.858529523999948 ] } },
{ "type": "Feature", "properties": { "site_type": "PC", "site_no": "050", "site_desc": "Bridge Road \/41m N of Lincoln Crescent, Pooraka", "resp": "SAG", "road_no": null, "rrd_ul": null, "rrd_r": null, "suburb": null }, "geometry": { "type": "Point", "coordinates": [ 138.632561411000097, -34.827783799999963 ] } },
{ "type": "Feature", "properties": { "site_type": "PC", "site_no": "251", "site_desc": "Kesters Road \/5m NW of Vivian Court, Para Hills West", "resp": "LGA", "road_no": null, "rrd_ul": null, "rrd_r": null, "suburb": null }, "geometry": { "type": "Point", "coordinates": [ 138.644947344000116, -34.804130997999948 ] } },
{ "type": "Feature", "properties": { "site_type": "PC", "site_no": "015", "site_desc": "South Road \/27m N of Pleasant Avenue, Glandore", "resp": "SAG", "road_no": null, "rrd_ul": null, "rrd_r": null, "suburb": null }, "geometry": { "type": "Point", "coordinates": [ 138.572545018000028, -34.960935560999928 ] } },
{ "type": "Feature", "properties": { "site_type": "PC", "site_no": "071", "site_desc": "Jetty Street \/9m E of Surrey Street, Grange", "resp": "LGA", "road_no": null, "rrd_ul": null, "rrd_r": null, "suburb": null }, "geometry": { "type": "Point", "coordinates": [ 138.496373214000073, -34.902167191999979 ] } },
{ "type": "Feature", "properties": { "site_type": "PC", "site_no": "099", "site_desc": "Waterloo Corner Road\/50m SE of McCormack Crescent, Salisbury North", "resp": "SAG", "road_no": null, "rrd_ul": null, "rrd_r": null, "suburb": null }, "geometry": { "type": "Point", "coordinates": [ 138.618379098000105, -34.748139133999985 ] } },
{ "type": "Feature", "properties": { "site_type": "PC", "site_no": "034", "site_desc": "Waterloo Corner Road\/48m SE of Silver Street, Salisbury North", "resp": "SAG", "road_no": null, "rrd_ul": null, "rrd_r": null, "suburb": null }, "geometry": { "type": "Point", "coordinates": [ 138.624249864000035, -34.751707582999984 ] } },
{ "type": "Feature", "properties": { "site_type": "PC", "site_no": "148", "site_desc": "Bagster Road \/22m SW of Kelsey Road, Salisbury North", "resp": "LGA", "road_no": null, "rrd_ul": null, "rrd_r": null, "suburb": null }, "geometry": { "type": "Point", "coordinates": [ 138.634501978000117, -34.752271974999928 ] } },
{ "type": "Feature", "properties": { "site_type": "PC", "site_no": "156", "site_desc": "The Parade\/100m E of Gurrs Road, Kensington Park", "resp": "LGA", "road_no": null, "rrd_ul": null, "rrd_r": null, "suburb": null }, "geometry": { "type": "Point", "coordinates": [ 138.650520830000119, -34.920503435999933 ] } },
{ "type": "Feature", "properties": { "site_type": "PC", "site_no": "3152", "site_desc": "Gilles St near Osmond St, Adelaide", "resp": "LGA", "road_no": null, "rrd_ul": null, "rrd_r": null, "suburb": null }, "geometry": { "type": "Point", "coordinates": [ 138.602772368000046, -34.934180669999932 ] } },
{ "type": "Feature", "properties": { "site_type": "PC", "site_no": "3149", "site_desc": "Gilles St \/ Stephens St, Adelaide", "resp": "LGA", "road_no": null, "rrd_ul": null, "rrd_r": null, "suburb": null }, "geometry": { "type": "Point", "coordinates": [ 138.604622135000113, -34.934087750999936 ] } },
{ "type": "Feature", "properties": { "site_type": "PC", "site_no": "030", "site_desc": "Greenhill Road \/107m E of Clark Street, Wayville", "resp": "SAG", "road_no": null, "rrd_ul": null, "rrd_r": null, "suburb": null }, "geometry": { "type": "Point", "coordinates": [ 138.597337924000044, -34.941317770999945 ] } },
{ "type": "Feature", "properties": { "site_type": "PC", "site_no": "040", "site_desc": "Anzac Highway \/4m SW of Mornington Avenue, Plympton", "resp": "SAG", "road_no": null, "rrd_ul": null, "rrd_r": null, "suburb": null }, "geometry": { "type": "Point", "coordinates": [ 138.549738388000037, -34.967178532999981 ] } },
{ "type": "Feature", "properties": { "site_type": "PC", "site_no": "040", "site_desc": "Anzac Highway \/4m SW of Mornington Avenue, Plympton", "resp": "SAG", "road_no": null, "rrd_ul": null, "rrd_r": null, "suburb": null }, "geometry": { "type": "Point", "coordinates": [ 138.549846270000103, -34.96728264799998 ] } },
{ "type": "Feature", "properties": { "site_type": "PC", "site_no": "3082", "site_desc": "Anzac Highway SA Netball Assoc, Adelaide", "resp": "LGA", "road_no": null, "rrd_ul": null, "rrd_r": null, "suburb": null }, "geometry": { "type": "Point", "coordinates": [ 138.58550754800001, -34.939113629999952 ] } },
{ "type": "Feature", "properties": { "site_type": "PC", "site_no": "257", "site_desc": "Victoria Road\/60m S of Dimboola Street, Taperoo", "resp": "SAG", "road_no": null, "rrd_ul": null, "rrd_r": null, "suburb": null }, "geometry": { "type": "Point", "coordinates": [ 138.501512260000027, -34.804860928999972 ] } },
{ "type": "Feature", "properties": { "site_type": "PC", "site_no": "166", "site_desc": "Haines Road \/10m S of Cottenham Road, Banksia Park", "resp": "LGA", "road_no": null, "rrd_ul": null, "rrd_r": null, "suburb": null }, "geometry": { "type": "Point", "coordinates": [ 138.730162250000035, -34.808119211999951 ] } },
{ "type": "Feature", "properties": { "site_type": "PC", "site_no": "176", "site_desc": "Port Road\/100m SE of Tenterden Street, Woodville", "resp": "SAG", "road_no": null, "rrd_ul": null, "rrd_r": null, "suburb": null }, "geometry": { "type": "Point", "coordinates": [ 138.532520540000064, -34.879293826999969 ] } },
{ "type": "Feature", "properties": { "site_type": "PC", "site_no": "323", "site_desc": "Angle Vale Rd\/280m W of Coventry Rd, Evanston Gardens", "resp": "SAG", "road_no": null, "rrd_ul": null, "rrd_r": null, "suburb": null }, "geometry": { "type": "Point", "coordinates": [ 138.719384172000105, -34.624750937999977 ] } },
{ "type": "Feature", "properties": { "site_type": "PC", "site_no": "257", "site_desc": "Victoria Road\/60m S of Dimboola Street, Taperoo", "resp": "SAG", "road_no": null, "rrd_ul": null, "rrd_r": null, "suburb": null }, "geometry": { "type": "Point", "coordinates": [ 138.5013062700001, -34.804925656999956 ] } },
{ "type": "Feature", "properties": { "site_type": "PC", "site_no": "3063", "site_desc": "Victoria Dr at University Footbridge, Adelaide", "resp": "LGA", "road_no": null, "rrd_ul": null, "rrd_r": null, "suburb": null }, "geometry": { "type": "Point", "coordinates": [ 138.603990179000107, -34.917855412999984 ] } },
{ "type": "Feature", "properties": { "site_type": "PC", "site_no": "3206", "site_desc": "Hill St near Molesworth St, North Adelaide", "resp": "LGA", "road_no": null, "rrd_ul": null, "rrd_r": null, "suburb": null }, "geometry": { "type": "Point", "coordinates": [ 138.587142872000072, -34.90852506899995 ] } },
{ "type": "Feature", "properties": { "site_type": "PC", "site_no": "3145", "site_desc": "Angas St near Moore St, Adelaide", "resp": "LGA", "road_no": null, "rrd_ul": null, "rrd_r": null, "suburb": null }, "geometry": { "type": "Point", "coordinates": [ 138.602904713000044, -34.929986281999959 ] } },
{ "type": "Feature", "properties": { "site_type": "PC", "site_no": "3167", "site_desc": "South Tce\/just west of Wilcox St, Adelaide", "resp": "LGA", "road_no": null, "rrd_ul": null, "rrd_r": null, "suburb": null }, "geometry": { "type": "Point", "coordinates": [ 138.591252467000118, -34.936146084999962 ] } },
{ "type": "Feature", "properties": { "site_type": "PC", "site_no": "049", "site_desc": "Port Road\/10m SE of Station Place, Hindmarsh", "resp": "SAG", "road_no": null, "rrd_ul": null, "rrd_r": null, "suburb": null }, "geometry": { "type": "Point", "coordinates": [ 138.574890755000069, -34.906915696999931 ] } },
{ "type": "Feature", "properties": { "site_type": "PC", "site_no": "225", "site_desc": "Murray Street\/5m NE of Bushmann Street, Tanunda", "resp": "SAG", "road_no": null, "rrd_ul": null, "rrd_r": null, "suburb": null }, "geometry": { "type": "Point", "coordinates": [ 138.959154743000113, -34.524882132999949 ] } },
{ "type": "Feature", "properties": { "site_type": "PC", "site_no": "185", "site_desc": "Torrens Street \/19m N of Coral Street, Victor Harbor", "resp": "SAG", "road_no": null, "rrd_ul": null, "rrd_r": null, "suburb": null }, "geometry": { "type": "Point", "coordinates": [ 138.621436138000035, -35.553700913999933 ] } },
{ "type": "Feature", "properties": { "site_type": "PC", "site_no": "220", "site_desc": "Beovich Road \/17m W of Mary Leonard Drive, Ingle Farm", "resp": "LGA", "road_no": null, "rrd_ul": null, "rrd_r": null, "suburb": null }, "geometry": { "type": "Point", "coordinates": [ 138.640419935000068, -34.829460240999936 ] } },
{ "type": "Feature", "properties": { "site_type": "PC", "site_no": "246", "site_desc": "Goodwood Road\/60m N of Kyeema Avenue, Cumberland Park", "resp": "SAG", "road_no": null, "rrd_ul": null, "rrd_r": null, "suburb": null }, "geometry": { "type": "Point", "coordinates": [ 138.591355340000064, -34.973838752999939 ] } },
{ "type": "Feature", "properties": { "site_type": "PC", "site_no": "281", "site_desc": "Magill Road\/40m E of Williams Avenue, St Morris", "resp": "SAG", "road_no": null, "rrd_ul": null, "rrd_r": null, "suburb": null }, "geometry": { "type": "Point", "coordinates": [ 138.657251422000058, -34.91396612099993 ] } },
{ "type": "Feature", "properties": { "site_type": "PC", "site_no": "302", "site_desc": "Military Road near Germein Street, Semaphore", "resp": "SAG", "road_no": null, "rrd_ul": null, "rrd_r": null, "suburb": null }, "geometry": { "type": "Point", "coordinates": [ 138.484397947000048, -34.837882854999975 ] } },
{ "type": "Feature", "properties": { "site_type": "PC", "site_no": "270", "site_desc": "Main Road\/200m NW of Field Street, McLaren Vale", "resp": "SAG", "road_no": null, "rrd_ul": null, "rrd_r": null, "suburb": null }, "geometry": { "type": "Point", "coordinates": [ 138.542489145000104, -35.218122980999965 ] } },
{ "type": "Feature", "properties": { "site_type": "PC", "site_no": "285", "site_desc": "Turner Drive \/N of Gooronga Drive, Craigmore", "resp": "LGA", "road_no": null, "rrd_ul": null, "rrd_r": null, "suburb": null }, "geometry": { "type": "Point", "coordinates": [ 138.704715588000113, -34.709845454999936 ] } },
{ "type": "Feature", "properties": { "site_type": "PC", "site_no": "245", "site_desc": "Prospect Road \/23m N of Gladstone Road, Blair Athol", "resp": "SAG", "road_no": null, "rrd_ul": null, "rrd_r": null, "suburb": null }, "geometry": { "type": "Point", "coordinates": [ 138.5923259220001, -34.862793762999956 ] } },
{ "type": "Feature", "properties": { "site_type": "PC", "site_no": "3014", "site_desc": "North Terrace near Station Rd, Adelaide", "resp": "LGA", "road_no": null, "rrd_ul": null, "rrd_r": null, "suburb": null }, "geometry": { "type": "Point", "coordinates": [ 138.597660573000098, -34.92156074199994 ] } },
{ "type": "Feature", "properties": { "site_type": "PC", "site_no": "010", "site_desc": "Prospect Road \/21m S of Alexandra Street, Prospect", "resp": "SAG", "road_no": null, "rrd_ul": null, "rrd_r": null, "suburb": null }, "geometry": { "type": "Point", "coordinates": [ 138.593468751000046, -34.879554346999953 ] } },
{ "type": "Feature", "properties": { "site_type": "PC", "site_no": "3151", "site_desc": "Kintore Ave near Parade Ground, Adelaide", "resp": "LGA", "road_no": null, "rrd_ul": null, "rrd_r": null, "suburb": null }, "geometry": { "type": "Point", "coordinates": [ 138.601670825000042, -34.918706072999953 ] } },
{ "type": "Feature", "properties": { "site_type": "PC", "site_no": "274", "site_desc": "Lander Road \/60m E of Adams Road, Sheidow Park", "resp": "LGA", "road_no": null, "rrd_ul": null, "rrd_r": null, "suburb": null }, "geometry": { "type": "Point", "coordinates": [ 138.528333926000073, -35.073614646999943 ] } },
{ "type": "Feature", "properties": { "site_type": "PC", "site_no": "301", "site_desc": "Duthy Street \/near Winchester Street, Malvern", "resp": "LGA", "road_no": null, "rrd_ul": null, "rrd_r": null, "suburb": null }, "geometry": { "type": "Point", "coordinates": [ 138.61503687600009, -34.960332325999957 ] } },
{ "type": "Feature", "properties": { "site_type": "PC", "site_no": "359", "site_desc": "Prospect Rd 40m South of Flora Tce, Prospect", "resp": "SAG", "road_no": null, "rrd_ul": null, "rrd_r": null, "suburb": null }, "geometry": { "type": "Point", "coordinates": [ 138.593981727000028, -34.88667245299996 ] } },
{ "type": "Feature", "properties": { "site_type": "PC", "site_no": "190", "site_desc": "Victoria Road \/30m S of Kolapore Avenue, Largs North", "resp": "SAG", "road_no": null, "rrd_ul": null, "rrd_r": null, "suburb": null }, "geometry": { "type": "Point", "coordinates": [ 138.501342016000081, -34.816250869999976 ] } },
{ "type": "Feature", "properties": { "site_type": "PC", "site_no": "011", "site_desc": "Prospect Road \/37m N of Rose Street, Prospect", "resp": "SAG", "road_no": null, "rrd_ul": null, "rrd_r": null, "suburb": null }, "geometry": { "type": "Point", "coordinates": [ 138.594050833000097, -34.887778986999933 ] } },
{ "type": "Feature", "properties": { "site_type": "PC", "site_no": "364", "site_desc": "Approx. 5m North of Culvert St, Unley", "resp": "SAG", "road_no": null, "rrd_ul": null, "rrd_r": null, "suburb": null }, "geometry": { "type": "Point", "coordinates": [ 138.607198722000021, -34.947073200999967 ] } },
{ "type": "Feature", "properties": { "site_type": "PC", "site_no": "360", "site_desc": "Greenhill Rd \/ 13m East of Hamilton Bvd, Wayville", "resp": "SAG", "road_no": null, "rrd_ul": null, "rrd_r": null, "suburb": null }, "geometry": { "type": "Point", "coordinates": [ 138.586484437000081, -34.941870004999942 ] } },
{ "type": "Feature", "properties": { "site_type": "PC", "site_no": "168", "site_desc": "Kensington Road \/12m W of Victoria Terrace, Rose Park", "resp": "SAG", "road_no": null, "rrd_ul": null, "rrd_r": null, "suburb": null }, "geometry": { "type": "Point", "coordinates": [ 138.627797057000066, -34.927670587999955 ] } },
{ "type": "Feature", "properties": { "site_type": "PC", "site_no": "137", "site_desc": "Smith Road\/120m SE of Daphine Road, Salisbury East", "resp": "SAG", "road_no": null, "rrd_ul": null, "rrd_r": null, "suburb": null }, "geometry": { "type": "Point", "coordinates": [ 138.665894038000033, -34.777237688999946 ] } },
{ "type": "Feature", "properties": { "site_type": "PC", "site_no": "352", "site_desc": "Goodwood Road 40m North of Angus St, Goodwood", "resp": "SAG", "road_no": null, "rrd_ul": null, "rrd_r": null, "suburb": null }, "geometry": { "type": "Point", "coordinates": [ 138.589834115000031, -34.953857810999978 ] } },
{ "type": "Feature", "properties": { "site_type": "PC", "site_no": "3162", "site_desc": "Whitmore Sq  \/ Sturt St, Adelaide", "resp": "LGA", "road_no": null, "rrd_ul": null, "rrd_r": null, "suburb": null }, "geometry": { "type": "Point", "coordinates": [ 138.593495319000112, -34.932985378999945 ] } },
{ "type": "Feature", "properties": { "site_type": "PC", "site_no": "149", "site_desc": "Prospect Road \/38m N of Methuen Street, Fitzroy", "resp": "SAG", "road_no": null, "rrd_ul": null, "rrd_r": null, "suburb": null }, "geometry": { "type": "Point", "coordinates": [ 138.594529069000032, -34.895120978999955 ] } },
{ "type": "Feature", "properties": { "site_type": "PC", "site_no": "354", "site_desc": "Noarlunga Centre - 250m West of Goldsmith Dr, Noarlunga Centre", "resp": "LGA", "road_no": null, "rrd_ul": null, "rrd_r": null, "suburb": null }, "geometry": { "type": "Point", "coordinates": [ 138.499507046000076, -35.138893534999966 ] } },
{ "type": "Feature", "properties": { "site_type": "PC", "site_no": "178", "site_desc": "Glen Osmond Road \/8m SE of Fisher Street, Glen Osmond", "resp": "SAG", "road_no": null, "rrd_ul": null, "rrd_r": null, "suburb": null }, "geometry": { "type": "Point", "coordinates": [ 138.638210393, -34.956360373999985 ] } },
{ "type": "Feature", "properties": { "site_type": "PC", "site_no": "031", "site_desc": "Unley Road \/32m N of Frederick Street, Unley", "resp": "SAG", "road_no": null, "rrd_ul": null, "rrd_r": null, "suburb": null }, "geometry": { "type": "Point", "coordinates": [ 138.607346641000049, -34.948989939999933 ] } },
{ "type": "Feature", "properties": { "site_type": "PC", "site_no": "125", "site_desc": "Loudon Road\/30m E of Bond Street, Port Augusta", "resp": "SAG", "road_no": null, "rrd_ul": null, "rrd_r": null, "suburb": null }, "geometry": { "type": "Point", "coordinates": [ 137.756289880000054, -32.481792871999971 ] } },
{ "type": "Feature", "properties": { "site_type": "PC", "site_no": "139", "site_desc": "Hanson Road \/Near Gateshead Street, Athol Park", "resp": "SAG", "road_no": null, "rrd_ul": null, "rrd_r": null, "suburb": null }, "geometry": { "type": "Point", "coordinates": [ 138.547128167000096, -34.856086951999941 ] } },
{ "type": "Feature", "properties": { "site_type": "PC", "site_no": "248", "site_desc": "Lyons Road \/25m E of Parsons Road, Holden Hil", "resp": "LGA", "road_no": null, "rrd_ul": null, "rrd_r": null, "suburb": null }, "geometry": { "type": "Point", "coordinates": [ 138.671036233000109, -34.857201949999933 ] } },
{ "type": "Feature", "properties": { "site_type": "PC", "site_no": "344", "site_desc": "Greenhill Road \/W of Gartrell Street, Burnside", "resp": "SAG", "road_no": null, "rrd_ul": null, "rrd_r": null, "suburb": null }, "geometry": { "type": "Point", "coordinates": [ 138.662430120000067, -34.938198128999943 ] } },
{ "type": "Feature", "properties": { "site_type": "PC", "site_no": "310", "site_desc": "Main South Rd\/260m W of Bethel Rd, Yankalilla", "resp": "SAG", "road_no": null, "rrd_ul": null, "rrd_r": null, "suburb": null }, "geometry": { "type": "Point", "coordinates": [ 138.332791214000054, -35.453841971999964 ] } },
{ "type": "Feature", "properties": { "site_type": "PC", "site_no": "219", "site_desc": "Belair Road \/15m S of Eynesbury Avenue, Kingswood", "resp": "SAG", "road_no": null, "rrd_ul": null, "rrd_r": null, "suburb": null }, "geometry": { "type": "Point", "coordinates": [ 138.609155496000085, -34.972857399999953 ] } },
{ "type": "Feature", "properties": { "site_type": "PC", "site_no": "365", "site_desc": "Semaphore Rd\/39m E of Mead St, Birkenhead, Le Fevre Primary School", "resp": "SAG", "road_no": null, "rrd_ul": null, "rrd_r": null, "suburb": null }, "geometry": { "type": "Point", "coordinates": [ 138.494580250000013, -34.840607877999958 ] } },
{ "type": "Feature", "properties": { "site_type": "PC", "site_no": "294", "site_desc": "Mann Road \/Left Slip Lane at TS030, North Adelaide", "resp": "SAG", "road_no": null, "rrd_ul": null, "rrd_r": null, "suburb": null }, "geometry": { "type": "Point", "coordinates": [ 138.608833057000083, -34.902089109999963 ] } },
{ "type": "Feature", "properties": { "site_type": "PC", "site_no": "315", "site_desc": "Black Rd\/37m W of Glendale Ave, Flagstaff Hill", "resp": "SAG", "road_no": null, "rrd_ul": null, "rrd_r": null, "suburb": null }, "geometry": { "type": "Point", "coordinates": [ 138.614401014, -35.058496696999953 ] } },
{ "type": "Feature", "properties": { "site_type": "PC", "site_no": "330", "site_desc": "Callington Rd\/70m E of East Tce, Strathalbyn", "resp": "SAG", "road_no": null, "rrd_ul": null, "rrd_r": null, "suburb": null }, "geometry": { "type": "Point", "coordinates": [ 138.899282663, -35.257929345999969 ] } },
{ "type": "Feature", "properties": { "site_type": "PC", "site_no": "269", "site_desc": "St Vincent Street \/25m E of Robe Street, Port Adelaide", "resp": "SAG", "road_no": null, "rrd_ul": null, "rrd_r": null, "suburb": null }, "geometry": { "type": "Point", "coordinates": [ 138.503956552000091, -34.844628467999939 ] } },
{ "type": "Feature", "properties": { "site_type": "PC", "site_no": "275", "site_desc": "Gulfview Road \/21m W of Galloway Road, Christies Beach", "resp": "LGA", "road_no": null, "rrd_ul": null, "rrd_r": null, "suburb": null }, "geometry": { "type": "Point", "coordinates": [ 138.481491177000066, -35.130640523999944 ] } },
{ "type": "Feature", "properties": { "site_type": "WX", "site_no": "016", "site_desc": "Ridgeway Drive near Templar Court", "resp": "LGA", "road_no": null, "rrd_ul": null, "rrd_r": null, "suburb": null }, "geometry": { "type": "Point", "coordinates": [ 138.588365245000091, -35.050466618999963 ] } },
{ "type": "Feature", "properties": { "site_type": "PC", "site_no": "256", "site_desc": "Yorketown Road\/110m E of Turner Drive, Craigmore", "resp": "SAG", "road_no": null, "rrd_ul": null, "rrd_r": null, "suburb": null }, "geometry": { "type": "Point", "coordinates": [ 138.705648390000079, -34.708018792999951 ] } },
{ "type": "Feature", "properties": { "site_type": "WX", "site_no": "003", "site_desc": "Arthur Street, Beech Avenue", "resp": "LGA", "road_no": null, "rrd_ul": null, "rrd_r": null, "suburb": null }, "geometry": { "type": "Point", "coordinates": [ 138.605750058000012, -34.95028526699997 ] } },
{ "type": "Feature", "properties": { "site_type": "WX", "site_no": "021", "site_desc": "Esplanade near Casleton Avenue", "resp": "LGA", "road_no": null, "rrd_ul": null, "rrd_r": null, "suburb": null }, "geometry": { "type": "Point", "coordinates": [ 138.467370919000018, -35.146455782999965 ] } },
{ "type": "Feature", "properties": { "site_type": "PC", "site_no": "598", "site_desc": "Fullarton Rd\/25m S of Rundle St, Kensington", "resp": "SAG", "road_no": null, "rrd_ul": null, "rrd_r": null, "suburb": null }, "geometry": { "type": "Point", "coordinates": [ 138.622946031000083, -34.91845664899995 ] } },
{ "type": "Feature", "properties": { "site_type": "WX", "site_no": "017", "site_desc": "Grand Junction \/ Foasters \/ Crew St??", "resp": "SAG", "road_no": null, "rrd_ul": null, "rrd_r": null, "suburb": null }, "geometry": { "type": "Point", "coordinates": [ 138.635337067000023, -34.846810074999951 ] } },
{ "type": "Feature", "properties": { "site_type": "WX", "site_no": "012", "site_desc": "Fort St \/ water channel to West Lakes", "resp": "LGA", "road_no": null, "rrd_ul": null, "rrd_r": null, "suburb": null }, "geometry": { "type": "Point", "coordinates": [ 138.493947490000096, -34.896935882999969 ] } },
{ "type": "Feature", "properties": { "site_type": "WX", "site_no": "002", "site_desc": "Arthur Street, Unley Road", "resp": "LGA", "road_no": null, "rrd_ul": null, "rrd_r": null, "suburb": null }, "geometry": { "type": "Point", "coordinates": [ 138.606744954000078, -34.95023546699997 ] } },
{ "type": "Feature", "properties": { "site_type": "WX", "site_no": "001", "site_desc": "Ann Street", "resp": "LGA", "road_no": null, "rrd_ul": null, "rrd_r": null, "suburb": null }, "geometry": { "type": "Point", "coordinates": [ 138.648320599000044, -34.763470226999971 ] } },
{ "type": "Feature", "properties": { "site_type": "WX", "site_no": "004", "site_desc": "Winzor St - approx. 210m SW of Spains Rd", "resp": "LGA", "road_no": null, "rrd_ul": null, "rrd_r": null, "suburb": null }, "geometry": { "type": "Point", "coordinates": [ 138.624216650000108, -34.767061703999957 ] } },
{ "type": "Feature", "properties": { "site_type": "WX", "site_no": "011", "site_desc": "Walkerville Tce \/ 15m SW of Smith St \/ Victoria Tce, Walkerville", "resp": "LGA", "road_no": null, "rrd_ul": null, "rrd_r": null, "suburb": null }, "geometry": { "type": "Point", "coordinates": [ 138.617161229000089, -34.895388732999947 ] } },
{ "type": "Feature", "properties": { "site_type": "WX", "site_no": "018", "site_desc": "Great Eastern Ave near Montague Dr", "resp": "LGA", "road_no": null, "rrd_ul": null, "rrd_r": null, "suburb": null }, "geometry": { "type": "Point", "coordinates": [ 138.530972044, -35.080951265999943 ] } },
{ "type": "Feature", "properties": { "site_type": "PC", "site_no": "425", "site_desc": "St Bernards Rd \/ Reid Av", "resp": "SAG", "road_no": null, "rrd_ul": null, "rrd_r": null, "suburb": null }, "geometry": { "type": "Point", "coordinates": [ 138.674801473000116, -34.896255375999942 ] } },
{ "type": "Feature", "properties": { "site_type": "PC", "site_no": "413", "site_desc": "Military Road (Left cwy) near Recreation Parade", "resp": "SAG", "road_no": null, "rrd_ul": null, "rrd_r": null, "suburb": null }, "geometry": { "type": "Point", "coordinates": [ 138.478622392000034, -34.8553346899999 ] } },
{ "type": "Feature", "properties": { "site_type": "PC", "site_no": "413", "site_desc": "Military Road (Right cwy) near Recreation Parade", "resp": "SAG", "road_no": null, "rrd_ul": null, "rrd_r": null, "suburb": null }, "geometry": { "type": "Point", "coordinates": [ 138.478520772000024, -34.855328791999966 ] } },
{ "type": "Feature", "properties": { "site_type": "PC", "site_no": "414", "site_desc": "Marion Rd Left Cwy near Turner St Plympton", "resp": "SAG", "road_no": null, "rrd_ul": null, "rrd_r": null, "suburb": null }, "geometry": { "type": "Point", "coordinates": [ 138.554977228000098, -34.966338552999957 ] } },
{ "type": "Feature", "properties": { "site_type": "PC", "site_no": "414", "site_desc": "Marion Rd Right Cwy near Turner St Plympton", "resp": "SAG", "road_no": null, "rrd_ul": null, "rrd_r": null, "suburb": null }, "geometry": { "type": "Point", "coordinates": [ 138.554874754000025, -34.966341546999956 ] } },
{ "type": "Feature", "properties": { "site_type": "PC", "site_no": null, "site_desc": "Grand Junction Rd Right Cwy \/ Montrose Rd", "resp": "SAG", "road_no": null, "rrd_ul": null, "rrd_r": null, "suburb": null }, "geometry": { "type": "Point", "coordinates": [ 138.613710089000051, -34.847502729999974 ] } },
{ "type": "Feature", "properties": { "site_type": "PC", "site_no": null, "site_desc": "Grand Junction Rd Left Cwy \/ Montrose Rd", "resp": "SAG", "road_no": null, "rrd_ul": null, "rrd_r": null, "suburb": null }, "geometry": { "type": "Point", "coordinates": [ 138.613696409000113, -34.847359998999934 ] } },
{ "type": "Feature", "properties": { "site_type": "PC", "site_no": "401", "site_desc": "Anderson Walk, Smithfield near railway line", "resp": "LGA", "road_no": null, "rrd_ul": null, "rrd_r": null, "suburb": null }, "geometry": { "type": "Point", "coordinates": [ 138.687320376000116, -34.681341265999947 ] } },
{ "type": "Feature", "properties": { "site_type": "PC", "site_no": "116", "site_desc": "Springbank Road \/29m E of Toronto Avenue, Clapham", "resp": "SAG", "road_no": null, "rrd_ul": null, "rrd_r": null, "suburb": null }, "geometry": { "type": "Point", "coordinates": [ 138.602887385000031, -34.990304351999953 ] } },
{ "type": "Feature", "properties": { "site_type": "PC", "site_no": "420", "site_desc": "Grange Rd left cwy \/ between Hallett Bvd and Coombe Rd", "resp": "SAG", "road_no": null, "rrd_ul": null, "rrd_r": null, "suburb": null }, "geometry": { "type": "Point", "coordinates": [ 138.555474822000065, -34.904255409999962 ] } },
{ "type": "Feature", "properties": { "site_type": "WX", "site_no": "028", "site_desc": "Partridge St Glenelg", "resp": "LGA", "road_no": null, "rrd_ul": null, "rrd_r": null, "suburb": null }, "geometry": { "type": "Point", "coordinates": [ 138.518044289000045, -34.984335569999985 ] } },
{ "type": "Feature", "properties": { "site_type": "PC", "site_no": "424", "site_desc": "Barossa Valley Way RN 4384 \/E of Daly Street, Gawler East, Immanuel Lutheran", "resp": "SAG", "road_no": null, "rrd_ul": null, "rrd_r": null, "suburb": null }, "geometry": { "type": "Point", "coordinates": [ 138.75228061700011, -34.595937882999976 ] } },
{ "type": "Feature", "properties": { "site_type": "PC", "site_no": "417", "site_desc": "RN 6018, 276 Magill Rd, Beulah Park", "resp": "LGA", "road_no": null, "rrd_ul": null, "rrd_r": null, "suburb": null }, "geometry": { "type": "Point", "coordinates": [ 138.645867393000117, -34.914525615999935 ] } },
{ "type": "Feature", "properties": { "site_type": "PC", "site_no": "046", "site_desc": "Smart Rd\/144m E of Lutyens Ave, St Agnes", "resp": "LGA", "road_no": null, "rrd_ul": null, "rrd_r": null, "suburb": null }, "geometry": { "type": "Point", "coordinates": [ 138.703621678000104, -34.832600317999947 ] } },
{ "type": "Feature", "properties": { "site_type": "PC", "site_no": "420", "site_desc": "Grange Rd right cwy \/ between Hallett Bvd and Coombe Rd", "resp": "SAG", "road_no": null, "rrd_ul": null, "rrd_r": null, "suburb": null }, "geometry": { "type": "Point", "coordinates": [ 138.555482571000084, -34.904337980999969 ] } },
{ "type": "Feature", "properties": { "site_type": "RS", "site_no": "202", "site_desc": "North South Motorway southern end of superway", "resp": "LGA", "road_no": null, "rrd_ul": null, "rrd_r": null, "suburb": null }, "geometry": { "type": "Point", "coordinates": [ 138.567448958000114, -34.860711120999952 ] } },
{ "type": "Feature", "properties": { "site_type": "RS", "site_no": "205", "site_desc": "Southern Exp near seacombe rd", "resp": "LGA", "road_no": null, "rrd_ul": null, "rrd_r": null, "suburb": null }, "geometry": { "type": "Point", "coordinates": [ 138.555293511000059, -35.03043232899995 ] } },
{ "type": "Feature", "properties": { "site_type": "RS", "site_no": "203", "site_desc": "Port Rd near Beorge rd", "resp": "LGA", "road_no": null, "rrd_ul": null, "rrd_r": null, "suburb": null }, "geometry": { "type": "Point", "coordinates": [ 138.569477518000099, -34.903871550999952 ] } },
{ "type": "Feature", "properties": { "site_type": "RS", "site_no": "804", "site_desc": "South Eastern Fwy near Mount Osmond overpass", "resp": "LGA", "road_no": null, "rrd_ul": null, "rrd_r": null, "suburb": null }, "geometry": { "type": "Point", "coordinates": [ 138.660316203000093, -34.969615811999972 ] } },
{ "type": "Feature", "properties": { "site_type": "PC", "site_no": "432", "site_desc": "Flinders Dr Left Cwy\/ near Wentworth Rd", "resp": "LGA", "road_no": null, "rrd_ul": null, "rrd_r": null, "suburb": null }, "geometry": { "type": "Point", "coordinates": [ 138.567720535000035, -35.021074551999959 ] } },
{ "type": "Feature", "properties": { "site_type": "SC", "site_no": "439", "site_desc": "Troubridge Dr wnear Hearl Rd", "resp": "LGA", "road_no": null, "rrd_ul": null, "rrd_r": null, "suburb": null }, "geometry": { "type": "Point", "coordinates": [ 138.502121554000041, -34.881496584999979 ] } },
{ "type": "Feature", "properties": { "site_type": "SC", "site_no": "448", "site_desc": "Beadnall Tce near Angas Rd", "resp": "LGA", "road_no": null, "rrd_ul": null, "rrd_r": null, "suburb": null }, "geometry": { "type": "Point", "coordinates": [ 138.533876362000115, -34.983743168999979 ] } },
{ "type": "Feature", "properties": { "site_type": "PC", "site_no": "432", "site_desc": "Flinders Dr Right Cwy \/ near Wentworth Rd", "resp": "OTH", "road_no": null, "rrd_ul": null, "rrd_r": null, "suburb": null }, "geometry": { "type": "Point", "coordinates": [ 138.56764231000011, -35.021082527999965 ] } },
{ "type": "Feature", "properties": { "site_type": "RS", "site_no": "807", "site_desc": "South Eastern Fwy near Heysen Tunnels", "resp": "LGA", "road_no": null, "rrd_ul": null, "rrd_r": null, "suburb": null }, "geometry": { "type": "Point", "coordinates": [ 138.680961616000104, -34.977315645999965 ] } },
{ "type": "Feature", "properties": { "site_type": "RS", "site_no": "204", "site_desc": "Port Wakefield Rd near Main North Rd", "resp": "LGA", "road_no": null, "rrd_ul": null, "rrd_r": null, "suburb": null }, "geometry": { "type": "Point", "coordinates": [ 138.599819805000038, -34.842602719999945 ] } },
{ "type": "Feature", "properties": { "site_type": "PC", "site_no": "429", "site_desc": "Mount Barker Rd \/ Beerenberg farm", "resp": "SAG", "road_no": null, "rrd_ul": null, "rrd_r": null, "suburb": null }, "geometry": { "type": "Point", "coordinates": [ 138.817751326000121, -35.037581441999976 ] } },
{ "type": "Feature", "properties": { "site_type": "WX", "site_no": "023", "site_desc": "Finniss Street \/ 70m north east of Nixon St", "resp": "LGA", "road_no": null, "rrd_ul": null, "rrd_r": null, "suburb": null }, "geometry": { "type": "Point", "coordinates": [ 138.556208473000083, -35.007992448999971 ] } },
{ "type": "Feature", "properties": { "site_type": "PC", "site_no": "398", "site_desc": "President Av near Crittenden Rd", "resp": "LGA", "road_no": null, "rrd_ul": null, "rrd_r": null, "suburb": null }, "geometry": { "type": "Point", "coordinates": [ 138.664856970000073, -34.673415458999955 ] } },
{ "type": "Feature", "properties": { "site_type": "PC", "site_no": "409", "site_desc": "Wright Rd \/ Modbury West School", "resp": "LGA", "road_no": null, "rrd_ul": null, "rrd_r": null, "suburb": null }, "geometry": { "type": "Point", "coordinates": [ 138.677461471000015, -34.834075593999955 ] } },
{ "type": "Feature", "properties": { "site_type": "PC", "site_no": "396", "site_desc": "Quinliven Rd, 130m west of Port Rd", "resp": "LGA", "road_no": null, "rrd_ul": null, "rrd_r": null, "suburb": null }, "geometry": { "type": "Point", "coordinates": [ 138.475022565000017, -35.267728644999977 ] } },
{ "type": "Feature", "properties": { "site_type": "PC", "site_no": "403", "site_desc": "The Parade \/ near Primrose Tce", "resp": "LGA", "road_no": null, "rrd_ul": null, "rrd_r": null, "suburb": null }, "geometry": { "type": "Point", "coordinates": [ 138.671461995000072, -34.919444400999964 ] } },
{ "type": "Feature", "properties": { "site_type": "PC", "site_no": "600", "site_desc": "Glynburn Rd \/ near Cuthero Tce", "resp": "SAG", "road_no": null, "rrd_ul": null, "rrd_r": null, "suburb": null }, "geometry": { "type": "Point", "coordinates": [ 138.658535620000066, -34.917261034999967 ] } },
{ "type": "Feature", "properties": { "site_type": "PC", "site_no": "410", "site_desc": "Hancock Rd (Right Cwy) near Jane St", "resp": "SAG", "road_no": null, "rrd_ul": null, "rrd_r": null, "suburb": null }, "geometry": { "type": "Point", "coordinates": [ 138.716889742000035, -34.797699379999983 ] } },
{ "type": "Feature", "properties": { "site_type": "PC", "site_no": "410", "site_desc": "Hancock Rd (Left Cwy) near Jane St", "resp": "SAG", "road_no": null, "rrd_ul": null, "rrd_r": null, "suburb": null }, "geometry": { "type": "Point", "coordinates": [ 138.717030058000091, -34.797692017999964 ] } },
{ "type": "Feature", "properties": { "site_type": "PC", "site_no": "203", "site_desc": "Murray Street \/18m S of Jacob Street, Gawler", "resp": "LGA", "road_no": null, "rrd_ul": null, "rrd_r": null, "suburb": null }, "geometry": { "type": "Point", "coordinates": [ 138.74913372200001, -34.598287235999976 ] } },
{ "type": "Feature", "properties": { "site_type": "PC", "site_no": "091", "site_desc": "Black Road\/39m W of Ridgway Drive, Flagstaff Hill", "resp": "SAG", "road_no": null, "rrd_ul": null, "rrd_r": null, "suburb": null }, "geometry": { "type": "Point", "coordinates": [ 138.58801276600002, -35.049924863999934 ] } },
{ "type": "Feature", "properties": { "site_type": "PC", "site_no": "188", "site_desc": "Shepherds Hill Road \/16m E Parham Road, Eden Hills", "resp": "SAG", "road_no": null, "rrd_ul": null, "rrd_r": null, "suburb": null }, "geometry": { "type": "Point", "coordinates": [ 138.60721051400003, -35.023428802999945 ] } },
{ "type": "Feature", "properties": { "site_type": "PC", "site_no": "230", "site_desc": "Byards Road \/17m N of Hewlett Packard Street, Reynella East", "resp": "LGA", "road_no": null, "rrd_ul": null, "rrd_r": null, "suburb": null }, "geometry": { "type": "Point", "coordinates": [ 138.559332304, -35.091800603999957 ] } },
{ "type": "Feature", "properties": { "site_type": "PC", "site_no": "133", "site_desc": "Midway Road \/26m SW of Waldron Street, Elizabeth East", "resp": "LGA", "road_no": null, "rrd_ul": null, "rrd_r": null, "suburb": null }, "geometry": { "type": "Point", "coordinates": [ 138.680666311000095, -34.72504306299993 ] } },
{ "type": "Feature", "properties": { "site_type": "PC", "site_no": "112", "site_desc": "States Road \/25m S of Malone Street, Morphett Vale", "resp": "LGA", "road_no": null, "rrd_ul": null, "rrd_r": null, "suburb": null }, "geometry": { "type": "Point", "coordinates": [ 138.536426863000088, -35.126951151999947 ] } },
{ "type": "Feature", "properties": { "site_type": "PC", "site_no": "271", "site_desc": "Bains Road \/12m W of Seaview Road, Morphett Vale", "resp": "LGA", "road_no": null, "rrd_ul": null, "rrd_r": null, "suburb": null }, "geometry": { "type": "Point", "coordinates": [ 138.529336072000092, -35.11543269799995 ] } },
{ "type": "Feature", "properties": { "site_type": "PC", "site_no": "164", "site_desc": "Montacute Road \/70m E of Hectorville Road, Hectorville", "resp": "SAG", "road_no": null, "rrd_ul": null, "rrd_r": null, "suburb": null }, "geometry": { "type": "Point", "coordinates": [ 138.665860645000066, -34.888980876999938 ] } },
{ "type": "Feature", "properties": { "site_type": "PC", "site_no": "205", "site_desc": "Acre Avenue \/26m NE of Highwray Drive, Morphett Vale", "resp": "LGA", "road_no": null, "rrd_ul": null, "rrd_r": null, "suburb": null }, "geometry": { "type": "Point", "coordinates": [ 138.516049191000093, -35.112608557999977 ] } },
{ "type": "Feature", "properties": { "site_type": "PC", "site_no": "192", "site_desc": "Bains Road \/25m E of Venning Street, Morphett Vale", "resp": "LGA", "road_no": null, "rrd_ul": null, "rrd_r": null, "suburb": null }, "geometry": { "type": "Point", "coordinates": [ 138.52452568700005, -35.115687569999977 ] } },
{ "type": "Feature", "properties": { "site_type": "PC", "site_no": "096", "site_desc": "Old South Road \/near Mill Street, Reynella", "resp": "LGA", "road_no": null, "rrd_ul": null, "rrd_r": null, "suburb": null }, "geometry": { "type": "Point", "coordinates": [ 138.541231869000057, -35.089247782999962 ] } },
{ "type": "Feature", "properties": { "site_type": "PC", "site_no": "289", "site_desc": "States Road \/near Kingsbridge Drive, Morphett Vale", "resp": "LGA", "road_no": null, "rrd_ul": null, "rrd_r": null, "suburb": null }, "geometry": { "type": "Point", "coordinates": [ 138.535889218000079, -35.119373141999972 ] } },
{ "type": "Feature", "properties": { "site_type": "PC", "site_no": "022", "site_desc": "South Road \/13m N of High Street, Morphett Vale", "resp": "SAG", "road_no": null, "rrd_ul": null, "rrd_r": null, "suburb": null }, "geometry": { "type": "Point", "coordinates": [ 138.523211708000076, -35.122392505999983 ] } },
{ "type": "Feature", "properties": { "site_type": "PC", "site_no": "081", "site_desc": "Flaxmill Road \/70m W fo Sunningdale Drive, Christie Downs", "resp": "LGA", "road_no": null, "rrd_ul": null, "rrd_r": null, "suburb": null }, "geometry": { "type": "Point", "coordinates": [ 138.502604358000099, -35.12729823799998 ] } },
{ "type": "Feature", "properties": { "site_type": "PC", "site_no": "342", "site_desc": "Hub Dr RN 67102 - 150m Sth of Ash St, Aberfoyle Park", "resp": "LGA", "road_no": null, "rrd_ul": null, "rrd_r": null, "suburb": null }, "geometry": { "type": "Point", "coordinates": [ 138.596788563000018, -35.067917725999962 ] } },
{ "type": "Feature", "properties": { "site_type": "PC", "site_no": "140", "site_desc": "Flaxmill Road \/30m W of Kentwood Road, Morphett Vale", "resp": "LGA", "road_no": null, "rrd_ul": null, "rrd_r": null, "suburb": null }, "geometry": { "type": "Point", "coordinates": [ 138.518828597000038, -35.126497702999984 ] } },
{ "type": "Feature", "properties": { "site_type": "PC", "site_no": "263", "site_desc": "Brodie Road \/8m N of Tracy Way, Morphett Vale", "resp": "LGA", "road_no": null, "rrd_ul": null, "rrd_r": null, "suburb": null }, "geometry": { "type": "Point", "coordinates": [ 138.510720917000071, -35.125033621999933 ] } },
{ "type": "Feature", "properties": { "site_type": "PC", "site_no": "022", "site_desc": "South Road \/13m N of High Street, Morphett Vale", "resp": "SAG", "road_no": null, "rrd_ul": null, "rrd_r": null, "suburb": null }, "geometry": { "type": "Point", "coordinates": [ 138.523388959000044, -35.122407343999953 ] } },
{ "type": "Feature", "properties": { "site_type": "PC", "site_no": "290", "site_desc": "Hampstead Road\/20m S of Main Parade, Clearview", "resp": "SAG", "road_no": null, "rrd_ul": null, "rrd_r": null, "suburb": null }, "geometry": { "type": "Point", "coordinates": [ 138.617700686000035, -34.852034500999935 ] } },
{ "type": "Feature", "properties": { "site_type": "PC", "site_no": "229", "site_desc": "OSullivan Beach Road \/15m E of Teusner Drive, Morphett Vale", "resp": "LGA", "road_no": null, "rrd_ul": null, "rrd_r": null, "suburb": null }, "geometry": { "type": "Point", "coordinates": [ 138.512533076000068, -35.116295090999984 ] } },
{ "type": "Feature", "properties": { "site_type": "PC", "site_no": "332", "site_desc": "Church St RN 8000 \/ Riddoch St RN 8640, Penola", "resp": "SAG", "road_no": null, "rrd_ul": null, "rrd_r": null, "suburb": null }, "geometry": { "type": "Point", "coordinates": [ 140.837264222000044, -37.379577864999931 ] } },
{ "type": "Feature", "properties": { "site_type": "PC", "site_no": "222", "site_desc": "Montaque Road \/210m E of Nelson Road, Para Vista", "resp": "SAG", "road_no": null, "rrd_ul": null, "rrd_r": null, "suburb": null }, "geometry": { "type": "Point", "coordinates": [ 138.66407198100012, -34.829558814999984 ] } },
{ "type": "Feature", "properties": { "site_type": "PC", "site_no": "369", "site_desc": "North Tce - Approx. 30 West of Mason St", "resp": "SAG", "road_no": null, "rrd_ul": null, "rrd_r": null, "suburb": null }, "geometry": { "type": "Point", "coordinates": [ 138.678547902000105, -35.530642755999963 ] } },
{ "type": "Feature", "properties": { "site_type": "PC", "site_no": "392", "site_desc": "Magill Rd near Ballantyne St", "resp": "SAG", "road_no": null, "rrd_ul": null, "rrd_r": null, "suburb": null }, "geometry": { "type": "Point", "coordinates": [ 138.677532391000113, -34.912945608999962 ] } },
{ "type": "Feature", "properties": { "site_type": "PC", "site_no": "365", "site_desc": "Semaphore Rd\/39m E of Mead St, Birkenhead, Le Fevre Primary School", "resp": "SAG", "road_no": null, "rrd_ul": null, "rrd_r": null, "suburb": null }, "geometry": { "type": "Point", "coordinates": [ 138.494605989000092, -34.840710888999979 ] } },
{ "type": "Feature", "properties": { "site_type": "PC", "site_no": "402", "site_desc": "Marion Rd \/ Jenkins Rd", "resp": "SAG", "road_no": null, "rrd_ul": null, "rrd_r": null, "suburb": null }, "geometry": { "type": "Point", "coordinates": [ 138.552660452000055, -34.934065849999968 ] } },
{ "type": "Feature", "properties": { "site_type": "PC", "site_no": "402", "site_desc": "Marion Rd \/ Jenkins Rd", "resp": "SAG", "road_no": null, "rrd_ul": null, "rrd_r": null, "suburb": null }, "geometry": { "type": "Point", "coordinates": [ 138.552560124000024, -34.934067583999934 ] } },
{ "type": "Feature", "properties": { "site_type": "PC", "site_no": "164", "site_desc": "Montacute Road \/70m E of Hectorville Road, Hectorville", "resp": "SAG", "road_no": null, "rrd_ul": null, "rrd_r": null, "suburb": null }, "geometry": { "type": "Point", "coordinates": [ 138.665863365000064, -34.889056713999935 ] } },
{ "type": "Feature", "properties": { "site_type": "PC", "site_no": "222", "site_desc": "Montaque Road \/210m E of Nelson Road, Para Vista", "resp": "SAG", "road_no": null, "rrd_ul": null, "rrd_r": null, "suburb": null }, "geometry": { "type": "Point", "coordinates": [ 138.663961603000075, -34.829418843999974 ] } },
{ "type": "Feature", "properties": { "site_type": "PC", "site_no": "397", "site_desc": "Fitzroy Tce Left Cwy near Aquatic Centre", "resp": "SAG", "road_no": null, "rrd_ul": null, "rrd_r": null, "suburb": null }, "geometry": { "type": "Point", "coordinates": [ 138.590874005000046, -34.89902120499994 ] } },
{ "type": "Feature", "properties": { "site_type": "PC", "site_no": "397", "site_desc": "Fitzroy Tce Right Cwy near Aquatic Centre", "resp": "SAG", "road_no": null, "rrd_ul": null, "rrd_r": null, "suburb": null }, "geometry": { "type": "Point", "coordinates": [ 138.590896923000059, -34.899135548999936 ] } },
{ "type": "Feature", "properties": { "site_type": "WX", "site_no": "3143", "site_desc": "85m West of Sir Edwin Smith Rd, North Adelaide", "resp": "LGA", "road_no": null, "rrd_ul": null, "rrd_r": null, "suburb": null }, "geometry": { "type": "Point", "coordinates": [ 138.599837734000062, -34.912176509999938 ] } },
{ "type": "Feature", "properties": { "site_type": "WX", "site_no": "026", "site_desc": "Sir Richard Williams Ave, Adelaide Airport, long term parking access", "resp": "OTH", "road_no": null, "rrd_ul": null, "rrd_r": null, "suburb": null }, "geometry": { "type": "Point", "coordinates": [ 138.532540413000106, -34.941449161999969 ] } },
{ "type": "Feature", "properties": { "site_type": "WX", "site_no": "027", "site_desc": "Adelaide Airport, long term parking access", "resp": "OTH", "road_no": null, "rrd_ul": null, "rrd_r": null, "suburb": null }, "geometry": { "type": "Point", "coordinates": [ 138.531974344000105, -34.941259975999969 ] } },
{ "type": "Feature", "properties": { "site_type": "WX", "site_no": "025", "site_desc": "Princes Rd, Torrens Park, Mitcham Square Shopping Centre", "resp": "LGA", "road_no": null, "rrd_ul": null, "rrd_r": null, "suburb": null }, "geometry": { "type": "Point", "coordinates": [ 138.610862879000024, -34.974999817999958 ] } }
]
}
